Date,City,AQI
2015-01-01,Pithampur,
2015-01-01,Ujjain,
2015-01-02,Pithampur,
2015-01-02,Ujjain,
2015-01-03,Pithampur,
2015-01-03,Ujjain,
2015-01-04,Pithampur,
2015-01-04,Ujjain,
2015-01-05,Pithampur,
2015-01-05,Ujjain,
2015-01-06,Pithampur,
2015-01-06,Ujjain,
2015-01-07,Pithampur,
2015-01-07,Ujjain,
2015-01-08,Pithampur,
2015-01-08,Ujjain,
2015-01-09,Pithampur,
2015-01-09,Ujjain,
2015-01-10,Pithampur,
2015-01-10,Ujjain,
2015-01-11,Pithampur,
2015-01-11,Ujjain,
2015-01-12,Pithampur,
2015-01-12,Ujjain,
2015-01-13,Pithampur,
2015-01-13,Ujjain,
2015-01-14,Pithampur,
2015-01-14,Ujjain,
2015-01-15,Pithampur,
2015-01-15,Ujjain,
2015-01-16,Pithampur,
2015-01-16,Ujjain,
2015-01-17,Pithampur,
2015-01-17,Ujjain,
2015-01-18,Pithampur,
2015-01-18,Ujjain,
2015-01-19,Pithampur,
2015-01-19,Ujjain,
2015-01-20,Pithampur,
2015-01-20,Ujjain,
2015-01-21,Pithampur,
2015-01-21,Ujjain,
2015-01-22,Pithampur,
2015-01-22,Ujjain,
2015-01-23,Pithampur,
2015-01-23,Ujjain,
2015-01-24,Pithampur,
2015-01-24,Ujjain,
2015-01-25,Pithampur,
2015-01-25,Ujjain,
2015-01-26,Pithampur,
2015-01-26,Ujjain,
2015-01-27,Pithampur,
2015-01-27,Ujjain,
2015-01-28,Pithampur,
2015-01-28,Ujjain,
2015-01-29,Pithampur,
2015-01-29,Ujjain,
2015-01-30,Pithampur,
2015-01-30,Ujjain,
2015-01-31,Pithampur,
2015-01-31,Ujjain,
2015-02-01,Pithampur,
2015-02-01,Ujjain,
2015-02-02,Pithampur,
2015-02-02,Ujjain,
2015-02-03,Pithampur,
2015-02-03,Ujjain,
2015-02-04,Pithampur,
2015-02-04,Ujjain,
2015-02-05,Pithampur,
2015-02-05,Ujjain,
2015-02-06,Pithampur,
2015-02-06,Ujjain,
2015-02-07,Pithampur,
2015-02-07,Ujjain,
2015-02-08,Pithampur,
2015-02-08,Ujjain,
2015-02-09,Pithampur,
2015-02-09,Ujjain,
2015-02-10,Pithampur,
2015-02-10,Ujjain,
2015-02-11,Pithampur,
2015-02-11,Ujjain,
2015-02-12,Pithampur,
2015-02-12,Ujjain,
2015-02-13,Pithampur,
2015-02-13,Ujjain,
2015-02-14,Pithampur,
2015-02-14,Ujjain,
2015-02-15,Pithampur,
2015-02-15,Ujjain,
2015-02-16,Pithampur,
2015-02-16,Ujjain,
2015-02-17,Pithampur,
2015-02-17,Ujjain,
2015-02-18,Pithampur,
2015-02-18,Ujjain,
2015-02-19,Pithampur,
2015-02-19,Ujjain,
2015-02-20,Pithampur,
2015-02-20,Ujjain,
2015-02-21,Pithampur,
2015-02-21,Ujjain,
2015-02-22,Pithampur,
2015-02-22,Ujjain,
2015-02-23,Pithampur,
2015-02-23,Ujjain,
2015-02-24,Pithampur,
2015-02-24,Ujjain,
2015-02-25,Pithampur,
2015-02-25,Ujjain,
2015-02-26,Pithampur,
2015-02-26,Ujjain,
2015-02-27,Pithampur,
2015-02-27,Ujjain,
2015-02-28,Pithampur,
2015-02-28,Ujjain,
2015-03-01,Pithampur,
2015-03-01,Ujjain,
2015-03-02,Pithampur,
2015-03-02,Ujjain,
2015-03-03,Pithampur,
2015-03-03,Ujjain,
2015-03-04,Pithampur,
2015-03-04,Ujjain,
2015-03-05,Pithampur,
2015-03-05,Ujjain,
2015-03-06,Pithampur,
2015-03-06,Ujjain,
2015-03-07,Pithampur,
2015-03-07,Ujjain,
2015-03-08,Pithampur,
2015-03-08,Ujjain,
2015-03-09,Pithampur,
2015-03-09,Ujjain,
2015-03-10,Pithampur,
2015-03-10,Ujjain,
2015-03-11,Pithampur,
2015-03-11,Ujjain,
2015-03-12,Pithampur,
2015-03-12,Ujjain,
2015-03-13,Pithampur,
2015-03-13,Ujjain,
2015-03-14,Pithampur,
2015-03-14,Ujjain,
2015-03-15,Pithampur,
2015-03-15,Ujjain,
2015-03-16,Pithampur,
2015-03-16,Ujjain,
2015-03-17,Pithampur,
2015-03-17,Ujjain,
2015-03-18,Pithampur,
2015-03-18,Ujjain,
2015-03-19,Pithampur,
2015-03-19,Ujjain,
2015-03-20,Pithampur,
2015-03-20,Ujjain,
2015-03-21,Pithampur,
2015-03-21,Ujjain,
2015-03-22,Pithampur,
2015-03-22,Ujjain,
2015-03-23,Pithampur,
2015-03-23,Ujjain,
2015-03-24,Pithampur,
2015-03-24,Ujjain,
2015-03-25,Pithampur,
2015-03-25,Ujjain,
2015-03-26,Pithampur,
2015-03-26,Ujjain,
2015-03-27,Pithampur,
2015-03-27,Ujjain,
2015-03-28,Pithampur,
2015-03-28,Ujjain,
2015-03-29,Pithampur,
2015-03-29,Ujjain,
2015-03-30,Pithampur,
2015-03-30,Ujjain,
2015-03-31,Pithampur,
2015-03-31,Ujjain,
2015-04-01,Pithampur,
2015-04-01,Ujjain,
2015-04-02,Pithampur,
2015-04-02,Ujjain,
2015-04-03,Pithampur,
2015-04-03,Ujjain,
2015-04-04,Pithampur,
2015-04-04,Ujjain,
2015-04-05,Pithampur,
2015-04-05,Ujjain,
2015-04-06,Pithampur,
2015-04-06,Ujjain,
2015-04-07,Pithampur,
2015-04-07,Ujjain,
2015-04-08,Pithampur,
2015-04-08,Ujjain,
2015-04-09,Pithampur,
2015-04-09,Ujjain,
2015-04-10,Pithampur,
2015-04-10,Ujjain,
2015-04-11,Pithampur,
2015-04-11,Ujjain,
2015-04-12,Pithampur,
2015-04-12,Ujjain,
2015-04-13,Pithampur,
2015-04-13,Ujjain,
2015-04-14,Pithampur,
2015-04-14,Ujjain,
2015-04-15,Pithampur,
2015-04-15,Ujjain,
2015-04-16,Pithampur,
2015-04-16,Ujjain,
2015-04-17,Pithampur,
2015-04-17,Ujjain,
2015-04-18,Pithampur,
2015-04-18,Ujjain,
2015-04-19,Pithampur,
2015-04-19,Ujjain,
2015-04-20,Pithampur,
2015-04-20,Ujjain,
2015-04-21,Pithampur,
2015-04-21,Ujjain,
2015-04-22,Pithampur,
2015-04-22,Ujjain,
2015-04-23,Pithampur,
2015-04-23,Ujjain,
2015-04-24,Pithampur,
2015-04-24,Ujjain,
2015-04-25,Pithampur,
2015-04-25,Ujjain,
2015-04-26,Pithampur,
2015-04-26,Ujjain,
2015-04-27,Pithampur,
2015-04-27,Ujjain,
2015-04-28,Pithampur,
2015-04-28,Ujjain,
2015-04-29,Pithampur,
2015-04-29,Ujjain,
2015-04-30,Pithampur,
2015-04-30,Ujjain,
2015-05-01,Pithampur,
2015-05-01,Ujjain,
2015-05-02,Pithampur,
2015-05-02,Ujjain,
2015-05-03,Pithampur,
2015-05-03,Ujjain,
2015-05-04,Pithampur,
2015-05-04,Ujjain,
2015-05-05,Pithampur,
2015-05-05,Ujjain,
2015-05-06,Pithampur,
2015-05-06,Ujjain,
2015-05-07,Pithampur,
2015-05-07,Ujjain,
2015-05-08,Pithampur,
2015-05-08,Ujjain,
2015-05-09,Pithampur,
2015-05-09,Ujjain,
2015-05-10,Pithampur,
2015-05-10,Ujjain,
2015-05-11,Pithampur,
2015-05-11,Ujjain,
2015-05-12,Pithampur,
2015-05-12,Ujjain,
2015-05-13,Pithampur,
2015-05-13,Ujjain,
2015-05-14,Pithampur,
2015-05-14,Ujjain,
2015-05-15,Pithampur,
2015-05-15,Ujjain,
2015-05-16,Pithampur,
2015-05-16,Ujjain,
2015-05-17,Pithampur,
2015-05-17,Ujjain,
2015-05-18,Pithampur,
2015-05-18,Ujjain,
2015-05-19,Pithampur,
2015-05-19,Ujjain,
2015-05-20,Pithampur,
2015-05-20,Ujjain,
2015-05-21,Pithampur,
2015-05-21,Ujjain,
2015-05-22,Pithampur,
2015-05-22,Ujjain,
2015-05-23,Pithampur,
2015-05-23,Ujjain,
2015-05-24,Pithampur,
2015-05-24,Ujjain,
2015-05-25,Pithampur,
2015-05-25,Ujjain,
2015-05-26,Pithampur,
2015-05-26,Ujjain,
2015-05-27,Pithampur,
2015-05-27,Ujjain,
2015-05-28,Pithampur,
2015-05-28,Ujjain,
2015-05-29,Pithampur,
2015-05-29,Ujjain,
2015-05-30,Pithampur,
2015-05-30,Ujjain,
2015-05-31,Pithampur,
2015-05-31,Ujjain,
2015-06-01,Pithampur,
2015-06-01,Ujjain,
2015-06-02,Pithampur,
2015-06-02,Ujjain,
2015-06-03,Pithampur,
2015-06-03,Ujjain,
2015-06-04,Pithampur,
2015-06-04,Ujjain,
2015-06-05,Pithampur,
2015-06-05,Ujjain,
2015-06-06,Pithampur,
2015-06-06,Ujjain,
2015-06-07,Pithampur,
2015-06-07,Ujjain,
2015-06-08,Pithampur,
2015-06-08,Ujjain,
2015-06-09,Pithampur,
2015-06-09,Ujjain,
2015-06-10,Pithampur,
2015-06-10,Ujjain,
2015-06-11,Pithampur,
2015-06-11,Ujjain,
2015-06-12,Pithampur,
2015-06-12,Ujjain,
2015-06-13,Pithampur,
2015-06-13,Ujjain,
2015-06-14,Pithampur,
2015-06-14,Ujjain,
2015-06-15,Pithampur,
2015-06-15,Ujjain,
2015-06-16,Pithampur,
2015-06-16,Ujjain,
2015-06-17,Pithampur,
2015-06-17,Ujjain,
2015-06-18,Pithampur,
2015-06-18,Ujjain,
2015-06-19,Pithampur,
2015-06-19,Ujjain,
2015-06-20,Pithampur,
2015-06-20,Ujjain,
2015-06-21,Pithampur,
2015-06-21,Ujjain,
2015-06-22,Pithampur,
2015-06-22,Ujjain,
2015-06-23,Pithampur,
2015-06-23,Ujjain,
2015-06-24,Pithampur,
2015-06-24,Ujjain,
2015-06-25,Pithampur,
2015-06-25,Ujjain,
2015-06-26,Pithampur,
2015-06-26,Ujjain,
2015-06-27,Pithampur,
2015-06-27,Ujjain,
2015-06-28,Pithampur,
2015-06-28,Ujjain,
2015-06-29,Pithampur,
2015-06-29,Ujjain,
2015-06-30,Pithampur,
2015-06-30,Ujjain,
2015-07-01,Pithampur,
2015-07-01,Ujjain,
2015-07-02,Pithampur,
2015-07-02,Ujjain,
2015-07-03,Pithampur,
2015-07-03,Ujjain,
2015-07-04,Pithampur,
2015-07-04,Ujjain,
2015-07-05,Pithampur,
2015-07-05,Ujjain,
2015-07-06,Pithampur,
2015-07-06,Ujjain,
2015-07-07,Pithampur,
2015-07-07,Ujjain,
2015-07-08,Pithampur,
2015-07-08,Ujjain,
2015-07-09,Pithampur,
2015-07-09,Ujjain,
2015-07-10,Pithampur,
2015-07-10,Ujjain,
2015-07-11,Pithampur,
2015-07-11,Ujjain,
2015-07-12,Pithampur,
2015-07-12,Ujjain,
2015-07-13,Pithampur,
2015-07-13,Ujjain,
2015-07-14,Pithampur,
2015-07-14,Ujjain,
2015-07-15,Pithampur,
2015-07-15,Ujjain,
2015-07-16,Pithampur,
2015-07-16,Ujjain,
2015-07-17,Pithampur,
2015-07-17,Ujjain,
2015-07-18,Pithampur,
2015-07-18,Ujjain,
2015-07-19,Pithampur,
2015-07-19,Ujjain,
2015-07-20,Pithampur,
2015-07-20,Ujjain,
2015-07-21,Pithampur,
2015-07-21,Ujjain,
2015-07-22,Pithampur,
2015-07-22,Ujjain,
2015-07-23,Pithampur,
2015-07-23,Ujjain,
2015-07-24,Pithampur,
2015-07-24,Ujjain,
2015-07-25,Pithampur,
2015-07-25,Ujjain,
2015-07-26,Pithampur,
2015-07-26,Ujjain,
2015-07-27,Pithampur,
2015-07-27,Ujjain,
2015-07-28,Pithampur,
2015-07-28,Ujjain,
2015-07-29,Pithampur,
2015-07-29,Ujjain,
2015-07-30,Pithampur,
2015-07-30,Ujjain,
2015-07-31,Pithampur,
2015-07-31,Ujjain,
2015-08-01,Pithampur,
2015-08-01,Ujjain,
2015-08-02,Pithampur,
2015-08-02,Ujjain,
2015-08-03,Pithampur,
2015-08-03,Ujjain,
2015-08-04,Pithampur,
2015-08-04,Ujjain,
2015-08-05,Pithampur,
2015-08-05,Ujjain,
2015-08-06,Pithampur,
2015-08-06,Ujjain,
2015-08-07,Pithampur,
2015-08-07,Ujjain,
2015-08-08,Pithampur,
2015-08-08,Ujjain,
2015-08-09,Pithampur,
2015-08-09,Ujjain,
2015-08-10,Pithampur,
2015-08-10,Ujjain,
2015-08-11,Pithampur,
2015-08-11,Ujjain,
2015-08-12,Pithampur,
2015-08-12,Ujjain,
2015-08-13,Pithampur,
2015-08-13,Ujjain,
2015-08-14,Pithampur,
2015-08-14,Ujjain,
2015-08-15,Pithampur,
2015-08-15,Ujjain,
2015-08-16,Pithampur,
2015-08-16,Ujjain,
2015-08-17,Pithampur,
2015-08-17,Ujjain,
2015-08-18,Pithampur,
2015-08-18,Ujjain,
2015-08-19,Pithampur,
2015-08-19,Ujjain,
2015-08-20,Pithampur,
2015-08-20,Ujjain,
2015-08-21,Pithampur,
2015-08-21,Ujjain,
2015-08-22,Pithampur,
2015-08-22,Ujjain,
2015-08-23,Pithampur,
2015-08-23,Ujjain,
2015-08-24,Pithampur,
2015-08-24,Ujjain,
2015-08-25,Pithampur,
2015-08-25,Ujjain,
2015-08-26,Pithampur,
2015-08-26,Ujjain,
2015-08-27,Pithampur,
2015-08-27,Ujjain,
2015-08-28,Pithampur,
2015-08-28,Ujjain,
2015-08-29,Pithampur,
2015-08-29,Ujjain,
2015-08-30,Pithampur,
2015-08-30,Ujjain,
2015-08-31,Pithampur,
2015-08-31,Ujjain,
2015-09-01,Pithampur,
2015-09-01,Ujjain,
2015-09-02,Pithampur,
2015-09-02,Ujjain,
2015-09-03,Pithampur,
2015-09-03,Ujjain,
2015-09-04,Pithampur,
2015-09-04,Ujjain,
2015-09-05,Pithampur,
2015-09-05,Ujjain,
2015-09-06,Pithampur,
2015-09-06,Ujjain,
2015-09-07,Pithampur,
2015-09-07,Ujjain,
2015-09-08,Pithampur,
2015-09-08,Ujjain,
2015-09-09,Pithampur,
2015-09-09,Ujjain,
2015-09-10,Pithampur,
2015-09-10,Ujjain,
2015-09-11,Pithampur,
2015-09-11,Ujjain,
2015-09-12,Pithampur,
2015-09-12,Ujjain,
2015-09-13,Pithampur,
2015-09-13,Ujjain,
2015-09-14,Pithampur,
2015-09-14,Ujjain,
2015-09-15,Pithampur,
2015-09-15,Ujjain,
2015-09-16,Pithampur,
2015-09-16,Ujjain,
2015-09-17,Pithampur,
2015-09-17,Ujjain,
2015-09-18,Pithampur,
2015-09-18,Ujjain,
2015-09-19,Pithampur,
2015-09-19,Ujjain,
2015-09-20,Pithampur,
2015-09-20,Ujjain,
2015-09-21,Pithampur,
2015-09-21,Ujjain,
2015-09-22,Pithampur,
2015-09-22,Ujjain,
2015-09-23,Pithampur,
2015-09-23,Ujjain,
2015-09-24,Pithampur,
2015-09-24,Ujjain,
2015-09-25,Pithampur,
2015-09-25,Ujjain,
2015-09-26,Pithampur,
2015-09-26,Ujjain,
2015-09-27,Pithampur,
2015-09-27,Ujjain,
2015-09-28,Pithampur,
2015-09-28,Ujjain,
2015-09-29,Pithampur,
2015-09-29,Ujjain,
2015-09-30,Pithampur,
2015-09-30,Ujjain,
2015-10-01,Pithampur,
2015-10-01,Ujjain,
2015-10-02,Pithampur,
2015-10-02,Ujjain,
2015-10-03,Pithampur,
2015-10-03,Ujjain,
2015-10-04,Pithampur,
2015-10-04,Ujjain,
2015-10-05,Pithampur,
2015-10-05,Ujjain,
2015-10-06,Pithampur,
2015-10-06,Ujjain,
2015-10-07,Pithampur,
2015-10-07,Ujjain,
2015-10-08,Pithampur,
2015-10-08,Ujjain,
2015-10-09,Pithampur,
2015-10-09,Ujjain,
2015-10-10,Pithampur,
2015-10-10,Ujjain,
2015-10-11,Pithampur,
2015-10-11,Ujjain,
2015-10-12,Pithampur,
2015-10-12,Ujjain,
2015-10-13,Pithampur,
2015-10-13,Ujjain,
2015-10-14,Pithampur,
2015-10-14,Ujjain,
2015-10-15,Pithampur,
2015-10-15,Ujjain,
2015-10-16,Pithampur,
2015-10-16,Ujjain,
2015-10-17,Pithampur,
2015-10-17,Ujjain,
2015-10-18,Pithampur,
2015-10-18,Ujjain,
2015-10-19,Pithampur,
2015-10-19,Ujjain,
2015-10-20,Pithampur,
2015-10-20,Ujjain,
2015-10-21,Pithampur,
2015-10-21,Ujjain,
2015-10-22,Pithampur,
2015-10-22,Ujjain,
2015-10-23,Pithampur,
2015-10-23,Ujjain,
2015-10-24,Pithampur,
2015-10-24,Ujjain,
2015-10-25,Pithampur,
2015-10-25,Ujjain,
2015-10-26,Pithampur,
2015-10-26,Ujjain,
2015-10-27,Pithampur,
2015-10-27,Ujjain,
2015-10-28,Pithampur,
2015-10-28,Ujjain,
2015-10-29,Pithampur,
2015-10-29,Ujjain,
2015-10-30,Pithampur,
2015-10-30,Ujjain,
2015-10-31,Pithampur,
2015-10-31,Ujjain,
2015-11-01,Pithampur,
2015-11-01,Ujjain,
2015-11-02,Pithampur,
2015-11-02,Ujjain,
2015-11-03,Pithampur,
2015-11-03,Ujjain,
2015-11-04,Pithampur,
2015-11-04,Ujjain,
2015-11-05,Pithampur,
2015-11-05,Ujjain,
2015-11-06,Pithampur,
2015-11-06,Ujjain,
2015-11-07,Pithampur,
2015-11-07,Ujjain,
2015-11-08,Pithampur,
2015-11-08,Ujjain,
2015-11-09,Pithampur,
2015-11-09,Ujjain,
2015-11-10,Pithampur,
2015-11-10,Ujjain,
2015-11-11,Pithampur,
2015-11-11,Ujjain,
2015-11-12,Pithampur,
2015-11-12,Ujjain,
2015-11-13,Pithampur,
2015-11-13,Ujjain,
2015-11-14,Pithampur,
2015-11-14,Ujjain,
2015-11-15,Pithampur,
2015-11-15,Ujjain,
2015-11-16,Pithampur,
2015-11-16,Ujjain,
2015-11-17,Pithampur,
2015-11-17,Ujjain,
2015-11-18,Pithampur,
2015-11-18,Ujjain,
2015-11-19,Pithampur,
2015-11-19,Ujjain,
2015-11-20,Pithampur,
2015-11-20,Ujjain,
2015-11-21,Pithampur,
2015-11-21,Ujjain,
2015-11-22,Pithampur,
2015-11-22,Ujjain,
2015-11-23,Pithampur,
2015-11-23,Ujjain,
2015-11-24,Pithampur,
2015-11-24,Ujjain,
2015-11-25,Pithampur,
2015-11-25,Ujjain,
2015-11-26,Pithampur,
2015-11-26,Ujjain,
2015-11-27,Pithampur,
2015-11-27,Ujjain,
2015-11-28,Pithampur,
2015-11-28,Ujjain,
2015-11-29,Pithampur,
2015-11-29,Ujjain,
2015-11-30,Pithampur,
2015-11-30,Ujjain,
2015-12-01,Pithampur,
2015-12-01,Ujjain,
2015-12-02,Pithampur,
2015-12-02,Ujjain,
2015-12-03,Pithampur,
2015-12-03,Ujjain,
2015-12-04,Pithampur,
2015-12-04,Ujjain,
2015-12-05,Pithampur,
2015-12-05,Ujjain,
2015-12-06,Pithampur,
2015-12-06,Ujjain,
2015-12-07,Pithampur,
2015-12-07,Ujjain,
2015-12-08,Pithampur,
2015-12-08,Ujjain,
2015-12-09,Pithampur,
2015-12-09,Ujjain,
2015-12-10,Pithampur,
2015-12-10,Ujjain,
2015-12-11,Pithampur,
2015-12-11,Ujjain,
2015-12-12,Pithampur,
2015-12-12,Ujjain,
2015-12-13,Pithampur,
2015-12-13,Ujjain,
2015-12-14,Pithampur,
2015-12-14,Ujjain,
2015-12-15,Pithampur,
2015-12-15,Ujjain,
2015-12-16,Pithampur,
2015-12-16,Ujjain,
2015-12-17,Pithampur,
2015-12-17,Ujjain,
2015-12-18,Pithampur,
2015-12-18,Ujjain,
2015-12-19,Pithampur,
2015-12-19,Ujjain,
2015-12-20,Pithampur,
2015-12-20,Ujjain,
2015-12-21,Pithampur,
2015-12-21,Ujjain,
2015-12-22,Pithampur,
2015-12-22,Ujjain,
2015-12-23,Pithampur,
2015-12-23,Ujjain,
2015-12-24,Pithampur,
2015-12-24,Ujjain,
2015-12-25,Pithampur,
2015-12-25,Ujjain,
2015-12-26,Pithampur,
2015-12-26,Ujjain,
2015-12-27,Pithampur,
2015-12-27,Ujjain,
2015-12-28,Pithampur,
2015-12-28,Ujjain,
2015-12-29,Pithampur,
2015-12-29,Ujjain,
2015-12-30,Pithampur,
2015-12-30,Ujjain,
2015-12-31,Pithampur,
2015-12-31,Ujjain,
2016-01-01,Pithampur,
2016-01-01,Ujjain,
2016-01-02,Pithampur,
2016-01-02,Ujjain,
2016-01-03,Pithampur,
2016-01-03,Ujjain,
2016-01-04,Pithampur,
2016-01-04,Ujjain,
2016-01-05,Pithampur,
2016-01-05,Ujjain,
2016-01-06,Pithampur,
2016-01-06,Ujjain,
2016-01-07,Pithampur,
2016-01-07,Ujjain,
2016-01-08,Pithampur,
2016-01-08,Ujjain,
2016-01-09,Pithampur,
2016-01-09,Ujjain,
2016-01-10,Pithampur,
2016-01-10,Ujjain,
2016-01-11,Pithampur,
2016-01-11,Ujjain,
2016-01-12,Pithampur,
2016-01-12,Ujjain,
2016-01-13,Pithampur,
2016-01-13,Ujjain,
2016-01-14,Pithampur,
2016-01-14,Ujjain,
2016-01-15,Pithampur,
2016-01-15,Ujjain,
2016-01-16,Pithampur,
2016-01-16,Ujjain,
2016-01-17,Pithampur,
2016-01-17,Ujjain,
2016-01-18,Pithampur,
2016-01-18,Ujjain,
2016-01-19,Pithampur,
2016-01-19,Ujjain,
2016-01-20,Pithampur,
2016-01-20,Ujjain,
2016-01-21,Pithampur,
2016-01-21,Ujjain,
2016-01-22,Pithampur,
2016-01-22,Ujjain,
2016-01-23,Pithampur,
2016-01-23,Ujjain,
2016-01-24,Pithampur,
2016-01-24,Ujjain,
2016-01-25,Pithampur,
2016-01-25,Ujjain,
2016-01-26,Pithampur,
2016-01-26,Ujjain,
2016-01-27,Pithampur,
2016-01-27,Ujjain,
2016-01-28,Pithampur,
2016-01-28,Ujjain,
2016-01-29,Pithampur,
2016-01-29,Ujjain,
2016-01-30,Pithampur,
2016-01-30,Ujjain,
2016-01-31,Pithampur,
2016-01-31,Ujjain,
2016-02-01,Pithampur,
2016-02-01,Ujjain,
2016-02-02,Pithampur,
2016-02-02,Ujjain,
2016-02-03,Pithampur,
2016-02-03,Ujjain,
2016-02-04,Pithampur,
2016-02-04,Ujjain,
2016-02-05,Pithampur,
2016-02-05,Ujjain,
2016-02-06,Pithampur,
2016-02-06,Ujjain,
2016-02-07,Pithampur,
2016-02-07,Ujjain,
2016-02-08,Pithampur,
2016-02-08,Ujjain,
2016-02-09,Pithampur,
2016-02-09,Ujjain,
2016-02-10,Pithampur,
2016-02-10,Ujjain,
2016-02-11,Pithampur,
2016-02-11,Ujjain,
2016-02-12,Pithampur,
2016-02-12,Ujjain,
2016-02-13,Pithampur,
2016-02-13,Ujjain,
2016-02-14,Pithampur,
2016-02-14,Ujjain,
2016-02-15,Pithampur,
2016-02-15,Ujjain,
2016-02-16,Pithampur,
2016-02-16,Ujjain,
2016-02-17,Pithampur,
2016-02-17,Ujjain,
2016-02-18,Pithampur,
2016-02-18,Ujjain,
2016-02-19,Pithampur,
2016-02-19,Ujjain,
2016-02-20,Pithampur,
2016-02-20,Ujjain,
2016-02-21,Pithampur,
2016-02-21,Ujjain,
2016-02-22,Pithampur,
2016-02-22,Ujjain,
2016-02-23,Pithampur,
2016-02-23,Ujjain,
2016-02-24,Pithampur,
2016-02-24,Ujjain,
2016-02-25,Pithampur,
2016-02-25,Ujjain,
2016-02-26,Pithampur,
2016-02-26,Ujjain,
2016-02-27,Pithampur,
2016-02-27,Ujjain,
2016-02-28,Pithampur,
2016-02-28,Ujjain,
2016-02-29,Pithampur,
2016-02-29,Ujjain,
2016-03-01,Pithampur,
2016-03-01,Ujjain,
2016-03-02,Pithampur,
2016-03-02,Ujjain,
2016-03-03,Pithampur,
2016-03-03,Ujjain,
2016-03-04,Pithampur,
2016-03-04,Ujjain,
2016-03-05,Pithampur,
2016-03-05,Ujjain,
2016-03-06,Pithampur,
2016-03-06,Ujjain,
2016-03-07,Pithampur,
2016-03-07,Ujjain,
2016-03-08,Pithampur,
2016-03-08,Ujjain,
2016-03-09,Pithampur,
2016-03-09,Ujjain,
2016-03-10,Pithampur,
2016-03-10,Ujjain,
2016-03-11,Pithampur,
2016-03-11,Ujjain,
2016-03-12,Pithampur,
2016-03-12,Ujjain,
2016-03-13,Pithampur,
2016-03-13,Ujjain,
2016-03-14,Pithampur,
2016-03-14,Ujjain,
2016-03-15,Pithampur,
2016-03-15,Ujjain,
2016-03-16,Pithampur,
2016-03-16,Ujjain,
2016-03-17,Pithampur,
2016-03-17,Ujjain,
2016-03-18,Pithampur,
2016-03-18,Ujjain,
2016-03-19,Pithampur,
2016-03-19,Ujjain,
2016-03-20,Pithampur,
2016-03-20,Ujjain,
2016-03-21,Pithampur,
2016-03-21,Ujjain,
2016-03-22,Pithampur,
2016-03-22,Ujjain,
2016-03-23,Pithampur,
2016-03-23,Ujjain,
2016-03-24,Pithampur,
2016-03-24,Ujjain,
2016-03-25,Pithampur,
2016-03-25,Ujjain,
2016-03-26,Pithampur,
2016-03-26,Ujjain,
2016-03-27,Pithampur,
2016-03-27,Ujjain,
2016-03-28,Pithampur,
2016-03-28,Ujjain,
2016-03-29,Pithampur,
2016-03-29,Ujjain,
2016-03-30,Pithampur,
2016-03-30,Ujjain,
2016-03-31,Pithampur,
2016-03-31,Ujjain,
2016-04-01,Pithampur,
2016-04-01,Ujjain,
2016-04-02,Pithampur,
2016-04-02,Ujjain,
2016-04-03,Pithampur,
2016-04-03,Ujjain,
2016-04-04,Pithampur,
2016-04-04,Ujjain,
2016-04-05,Pithampur,
2016-04-05,Ujjain,
2016-04-06,Pithampur,
2016-04-06,Ujjain,
2016-04-07,Pithampur,
2016-04-07,Ujjain,
2016-04-08,Pithampur,
2016-04-08,Ujjain,
2016-04-09,Pithampur,
2016-04-09,Ujjain,
2016-04-10,Pithampur,
2016-04-10,Ujjain,
2016-04-11,Pithampur,
2016-04-11,Ujjain,
2016-04-12,Pithampur,
2016-04-12,Ujjain,
2016-04-13,Pithampur,
2016-04-13,Ujjain,
2016-04-14,Pithampur,
2016-04-14,Ujjain,
2016-04-15,Pithampur,
2016-04-15,Ujjain,
2016-04-16,Pithampur,
2016-04-16,Ujjain,
2016-04-17,Pithampur,
2016-04-17,Ujjain,
2016-04-18,Pithampur,
2016-04-18,Ujjain,
2016-04-19,Pithampur,
2016-04-19,Ujjain,
2016-04-20,Pithampur,
2016-04-20,Ujjain,
2016-04-21,Pithampur,
2016-04-21,Ujjain,
2016-04-22,Pithampur,
2016-04-22,Ujjain,
2016-04-23,Pithampur,
2016-04-23,Ujjain,
2016-04-24,Pithampur,
2016-04-24,Ujjain,
2016-04-25,Pithampur,
2016-04-25,Ujjain,
2016-04-26,Pithampur,
2016-04-26,Ujjain,
2016-04-27,Pithampur,
2016-04-27,Ujjain,
2016-04-28,Pithampur,
2016-04-28,Ujjain,
2016-04-29,Pithampur,
2016-04-29,Ujjain,
2016-04-30,Pithampur,
2016-04-30,Ujjain,
2016-05-01,Pithampur,
2016-05-01,Ujjain,
2016-05-02,Pithampur,
2016-05-02,Ujjain,
2016-05-03,Pithampur,
2016-05-03,Ujjain,
2016-05-04,Pithampur,
2016-05-04,Ujjain,
2016-05-05,Pithampur,
2016-05-05,Ujjain,
2016-05-06,Pithampur,
2016-05-06,Ujjain,
2016-05-07,Pithampur,
2016-05-07,Ujjain,
2016-05-08,Pithampur,
2016-05-08,Ujjain,
2016-05-09,Pithampur,
2016-05-09,Ujjain,
2016-05-10,Pithampur,
2016-05-10,Ujjain,
2016-05-11,Pithampur,
2016-05-11,Ujjain,
2016-05-12,Pithampur,
2016-05-12,Ujjain,
2016-05-13,Pithampur,
2016-05-13,Ujjain,
2016-05-14,Pithampur,
2016-05-14,Ujjain,
2016-05-15,Pithampur,
2016-05-15,Ujjain,
2016-05-16,Pithampur,
2016-05-16,Ujjain,
2016-05-17,Pithampur,
2016-05-17,Ujjain,
2016-05-18,Pithampur,
2016-05-18,Ujjain,
2016-05-19,Pithampur,
2016-05-19,Ujjain,
2016-05-20,Pithampur,
2016-05-20,Ujjain,
2016-05-21,Pithampur,
2016-05-21,Ujjain,
2016-05-22,Pithampur,
2016-05-22,Ujjain,
2016-05-23,Pithampur,
2016-05-23,Ujjain,
2016-05-24,Pithampur,
2016-05-24,Ujjain,
2016-05-25,Pithampur,
2016-05-25,Ujjain,
2016-05-26,Pithampur,
2016-05-26,Ujjain,
2016-05-27,Pithampur,
2016-05-27,Ujjain,
2016-05-28,Pithampur,
2016-05-28,Ujjain,
2016-05-29,Pithampur,
2016-05-29,Ujjain,
2016-05-30,Pithampur,
2016-05-30,Ujjain,
2016-05-31,Pithampur,
2016-05-31,Ujjain,
2016-06-01,Pithampur,
2016-06-01,Ujjain,
2016-06-02,Pithampur,
2016-06-02,Ujjain,
2016-06-03,Pithampur,
2016-06-03,Ujjain,
2016-06-04,Pithampur,
2016-06-04,Ujjain,
2016-06-05,Pithampur,
2016-06-05,Ujjain,
2016-06-06,Pithampur,
2016-06-06,Ujjain,
2016-06-07,Pithampur,
2016-06-07,Ujjain,
2016-06-08,Pithampur,
2016-06-08,Ujjain,
2016-06-09,Pithampur,
2016-06-09,Ujjain,
2016-06-10,Pithampur,
2016-06-10,Ujjain,
2016-06-11,Pithampur,
2016-06-11,Ujjain,
2016-06-12,Pithampur,
2016-06-12,Ujjain,
2016-06-13,Pithampur,
2016-06-13,Ujjain,
2016-06-14,Pithampur,
2016-06-14,Ujjain,
2016-06-15,Pithampur,
2016-06-15,Ujjain,
2016-06-16,Pithampur,
2016-06-16,Ujjain,
2016-06-17,Pithampur,
2016-06-17,Ujjain,
2016-06-18,Pithampur,
2016-06-18,Ujjain,
2016-06-19,Pithampur,
2016-06-19,Ujjain,
2016-06-20,Pithampur,
2016-06-20,Ujjain,
2016-06-21,Pithampur,
2016-06-21,Ujjain,
2016-06-22,Pithampur,
2016-06-22,Ujjain,
2016-06-23,Pithampur,
2016-06-23,Ujjain,
2016-06-24,Pithampur,
2016-06-24,Ujjain,
2016-06-25,Pithampur,
2016-06-25,Ujjain,
2016-06-26,Pithampur,
2016-06-26,Ujjain,
2016-06-27,Pithampur,
2016-06-27,Ujjain,
2016-06-28,Pithampur,
2016-06-28,Ujjain,
2016-06-29,Pithampur,
2016-06-29,Ujjain,
2016-06-30,Pithampur,
2016-06-30,Ujjain,
2016-07-01,Pithampur,
2016-07-01,Ujjain,
2016-07-02,Pithampur,
2016-07-02,Ujjain,
2016-07-03,Pithampur,
2016-07-03,Ujjain,
2016-07-04,Pithampur,
2016-07-04,Ujjain,
2016-07-05,Pithampur,
2016-07-05,Ujjain,
2016-07-06,Pithampur,
2016-07-06,Ujjain,
2016-07-07,Pithampur,
2016-07-07,Ujjain,
2016-07-08,Pithampur,
2016-07-08,Ujjain,
2016-07-09,Pithampur,
2016-07-09,Ujjain,
2016-07-10,Pithampur,
2016-07-10,Ujjain,
2016-07-11,Pithampur,
2016-07-11,Ujjain,
2016-07-12,Pithampur,
2016-07-12,Ujjain,
2016-07-13,Pithampur,
2016-07-13,Ujjain,
2016-07-14,Pithampur,
2016-07-14,Ujjain,
2016-07-15,Pithampur,
2016-07-15,Ujjain,
2016-07-16,Pithampur,
2016-07-16,Ujjain,
2016-07-17,Pithampur,
2016-07-17,Ujjain,
2016-07-18,Pithampur,
2016-07-18,Ujjain,
2016-07-19,Pithampur,
2016-07-19,Ujjain,
2016-07-20,Pithampur,
2016-07-20,Ujjain,
2016-07-21,Pithampur,
2016-07-21,Ujjain,
2016-07-22,Pithampur,
2016-07-22,Ujjain,
2016-07-23,Pithampur,
2016-07-23,Ujjain,
2016-07-24,Pithampur,
2016-07-24,Ujjain,
2016-07-25,Pithampur,
2016-07-25,Ujjain,
2016-07-26,Pithampur,
2016-07-26,Ujjain,
2016-07-27,Pithampur,
2016-07-27,Ujjain,
2016-07-28,Pithampur,
2016-07-28,Ujjain,
2016-07-29,Pithampur,
2016-07-29,Ujjain,
2016-07-30,Pithampur,
2016-07-30,Ujjain,
2016-07-31,Pithampur,
2016-07-31,Ujjain,
2016-08-01,Pithampur,
2016-08-01,Ujjain,
2016-08-02,Pithampur,
2016-08-02,Ujjain,
2016-08-03,Pithampur,
2016-08-03,Ujjain,
2016-08-04,Pithampur,
2016-08-04,Ujjain,
2016-08-05,Pithampur,
2016-08-05,Ujjain,
2016-08-06,Pithampur,
2016-08-06,Ujjain,
2016-08-07,Pithampur,
2016-08-07,Ujjain,
2016-08-08,Pithampur,
2016-08-08,Ujjain,
2016-08-09,Pithampur,
2016-08-09,Ujjain,
2016-08-10,Pithampur,
2016-08-10,Ujjain,
2016-08-11,Pithampur,
2016-08-11,Ujjain,
2016-08-12,Pithampur,
2016-08-12,Ujjain,
2016-08-13,Pithampur,
2016-08-13,Ujjain,
2016-08-14,Pithampur,
2016-08-14,Ujjain,
2016-08-15,Pithampur,
2016-08-15,Ujjain,
2016-08-16,Pithampur,
2016-08-16,Ujjain,
2016-08-17,Pithampur,
2016-08-17,Ujjain,
2016-08-18,Pithampur,
2016-08-18,Ujjain,
2016-08-19,Pithampur,
2016-08-19,Ujjain,
2016-08-20,Pithampur,
2016-08-20,Ujjain,
2016-08-21,Pithampur,
2016-08-21,Ujjain,
2016-08-22,Pithampur,
2016-08-22,Ujjain,
2016-08-23,Pithampur,
2016-08-23,Ujjain,
2016-08-24,Pithampur,
2016-08-24,Ujjain,
2016-08-25,Pithampur,
2016-08-25,Ujjain,
2016-08-26,Pithampur,
2016-08-26,Ujjain,
2016-08-27,Pithampur,
2016-08-27,Ujjain,
2016-08-28,Pithampur,
2016-08-28,Ujjain,
2016-08-29,Pithampur,
2016-08-29,Ujjain,
2016-08-30,Pithampur,
2016-08-30,Ujjain,
2016-08-31,Pithampur,
2016-08-31,Ujjain,
2016-09-01,Pithampur,
2016-09-01,Ujjain,
2016-09-02,Pithampur,
2016-09-02,Ujjain,
2016-09-03,Pithampur,
2016-09-03,Ujjain,
2016-09-04,Pithampur,
2016-09-04,Ujjain,
2016-09-05,Pithampur,
2016-09-05,Ujjain,
2016-09-06,Pithampur,
2016-09-06,Ujjain,
2016-09-07,Pithampur,
2016-09-07,Ujjain,
2016-09-08,Pithampur,
2016-09-08,Ujjain,
2016-09-09,Pithampur,
2016-09-09,Ujjain,
2016-09-10,Pithampur,
2016-09-10,Ujjain,
2016-09-11,Pithampur,
2016-09-11,Ujjain,
2016-09-12,Pithampur,
2016-09-12,Ujjain,
2016-09-13,Pithampur,
2016-09-13,Ujjain,
2016-09-14,Pithampur,
2016-09-14,Ujjain,
2016-09-15,Pithampur,
2016-09-15,Ujjain,
2016-09-16,Pithampur,
2016-09-16,Ujjain,
2016-09-17,Pithampur,
2016-09-17,Ujjain,
2016-09-18,Pithampur,
2016-09-18,Ujjain,
2016-09-19,Pithampur,
2016-09-19,Ujjain,
2016-09-20,Pithampur,
2016-09-20,Ujjain,
2016-09-21,Pithampur,
2016-09-21,Ujjain,
2016-09-22,Pithampur,
2016-09-22,Ujjain,
2016-09-23,Pithampur,
2016-09-23,Ujjain,
2016-09-24,Pithampur,
2016-09-24,Ujjain,
2016-09-25,Pithampur,
2016-09-25,Ujjain,
2016-09-26,Pithampur,
2016-09-26,Ujjain,
2016-09-27,Pithampur,
2016-09-27,Ujjain,
2016-09-28,Pithampur,
2016-09-28,Ujjain,
2016-09-29,Pithampur,
2016-09-29,Ujjain,
2016-09-30,Pithampur,
2016-09-30,Ujjain,
2016-10-01,Pithampur,
2016-10-01,Ujjain,
2016-10-02,Pithampur,
2016-10-02,Ujjain,
2016-10-03,Pithampur,
2016-10-03,Ujjain,
2016-10-04,Pithampur,
2016-10-04,Ujjain,
2016-10-05,Pithampur,
2016-10-05,Ujjain,
2016-10-06,Pithampur,
2016-10-06,Ujjain,
2016-10-07,Pithampur,
2016-10-07,Ujjain,
2016-10-08,Pithampur,
2016-10-08,Ujjain,
2016-10-09,Pithampur,
2016-10-09,Ujjain,
2016-10-10,Pithampur,
2016-10-10,Ujjain,
2016-10-11,Pithampur,
2016-10-11,Ujjain,
2016-10-12,Pithampur,
2016-10-12,Ujjain,
2016-10-13,Pithampur,
2016-10-13,Ujjain,
2016-10-14,Pithampur,
2016-10-14,Ujjain,
2016-10-15,Pithampur,
2016-10-15,Ujjain,
2016-10-16,Pithampur,
2016-10-16,Ujjain,
2016-10-17,Pithampur,
2016-10-17,Ujjain,
2016-10-18,Pithampur,
2016-10-18,Ujjain,
2016-10-19,Pithampur,
2016-10-19,Ujjain,
2016-10-20,Pithampur,
2016-10-20,Ujjain,
2016-10-21,Pithampur,
2016-10-21,Ujjain,
2016-10-22,Pithampur,
2016-10-22,Ujjain,
2016-10-23,Pithampur,
2016-10-23,Ujjain,
2016-10-24,Pithampur,
2016-10-24,Ujjain,
2016-10-25,Pithampur,
2016-10-25,Ujjain,
2016-10-26,Pithampur,
2016-10-26,Ujjain,
2016-10-27,Pithampur,
2016-10-27,Ujjain,
2016-10-28,Pithampur,
2016-10-28,Ujjain,
2016-10-29,Pithampur,
2016-10-29,Ujjain,
2016-10-30,Pithampur,
2016-10-30,Ujjain,
2016-10-31,Pithampur,
2016-10-31,Ujjain,
2016-11-01,Pithampur,
2016-11-01,Ujjain,
2016-11-02,Pithampur,
2016-11-02,Ujjain,
2016-11-03,Pithampur,
2016-11-03,Ujjain,
2016-11-04,Pithampur,
2016-11-04,Ujjain,
2016-11-05,Pithampur,
2016-11-05,Ujjain,
2016-11-06,Pithampur,
2016-11-06,Ujjain,
2016-11-07,Pithampur,
2016-11-07,Ujjain,
2016-11-08,Pithampur,
2016-11-08,Ujjain,
2016-11-09,Pithampur,
2016-11-09,Ujjain,
2016-11-10,Pithampur,
2016-11-10,Ujjain,
2016-11-11,Pithampur,
2016-11-11,Ujjain,
2016-11-12,Pithampur,
2016-11-12,Ujjain,
2016-11-13,Pithampur,
2016-11-13,Ujjain,
2016-11-14,Pithampur,
2016-11-14,Ujjain,
2016-11-15,Pithampur,
2016-11-15,Ujjain,
2016-11-16,Pithampur,
2016-11-16,Ujjain,
2016-11-17,Pithampur,
2016-11-17,Ujjain,
2016-11-18,Pithampur,
2016-11-18,Ujjain,
2016-11-19,Pithampur,
2016-11-19,Ujjain,
2016-11-20,Pithampur,
2016-11-20,Ujjain,
2016-11-21,Pithampur,
2016-11-21,Ujjain,
2016-11-22,Pithampur,
2016-11-22,Ujjain,
2016-11-23,Pithampur,
2016-11-23,Ujjain,
2016-11-24,Pithampur,
2016-11-24,Ujjain,
2016-11-25,Pithampur,
2016-11-25,Ujjain,
2016-11-26,Pithampur,
2016-11-26,Ujjain,
2016-11-27,Pithampur,
2016-11-27,Ujjain,
2016-11-28,Pithampur,
2016-11-28,Ujjain,
2016-11-29,Pithampur,
2016-11-29,Ujjain,
2016-11-30,Pithampur,
2016-11-30,Ujjain,
2016-12-01,Pithampur,
2016-12-01,Ujjain,
2016-12-02,Pithampur,
2016-12-02,Ujjain,
2016-12-03,Pithampur,
2016-12-03,Ujjain,
2016-12-04,Pithampur,
2016-12-04,Ujjain,
2016-12-05,Pithampur,
2016-12-05,Ujjain,
2016-12-06,Pithampur,
2016-12-06,Ujjain,
2016-12-07,Pithampur,
2016-12-07,Ujjain,
2016-12-08,Pithampur,
2016-12-08,Ujjain,
2016-12-09,Pithampur,
2016-12-09,Ujjain,
2016-12-10,Pithampur,
2016-12-10,Ujjain,
2016-12-11,Pithampur,
2016-12-11,Ujjain,
2016-12-12,Pithampur,
2016-12-12,Ujjain,
2016-12-13,Pithampur,
2016-12-13,Ujjain,
2016-12-14,Pithampur,
2016-12-14,Ujjain,
2016-12-15,Pithampur,
2016-12-15,Ujjain,
2016-12-16,Pithampur,
2016-12-16,Ujjain,
2016-12-17,Pithampur,
2016-12-17,Ujjain,
2016-12-18,Pithampur,
2016-12-18,Ujjain,
2016-12-19,Pithampur,
2016-12-19,Ujjain,
2016-12-20,Pithampur,
2016-12-20,Ujjain,
2016-12-21,Pithampur,
2016-12-21,Ujjain,
2016-12-22,Pithampur,
2016-12-22,Ujjain,
2016-12-23,Pithampur,
2016-12-23,Ujjain,
2016-12-24,Pithampur,
2016-12-24,Ujjain,
2016-12-25,Pithampur,
2016-12-25,Ujjain,
2016-12-26,Pithampur,
2016-12-26,Ujjain,
2016-12-27,Pithampur,
2016-12-27,Ujjain,
2016-12-28,Pithampur,
2016-12-28,Ujjain,
2016-12-29,Pithampur,
2016-12-29,Ujjain,
2016-12-30,Pithampur,
2016-12-30,Ujjain,
2016-12-31,Pithampur,
2016-12-31,Ujjain,
2017-01-01,Pithampur,
2017-01-01,Ujjain,
2017-01-02,Pithampur,
2017-01-02,Ujjain,
2017-01-03,Pithampur,
2017-01-03,Ujjain,
2017-01-04,Pithampur,
2017-01-04,Ujjain,
2017-01-05,Pithampur,
2017-01-05,Ujjain,
2017-01-06,Pithampur,
2017-01-06,Ujjain,
2017-01-07,Pithampur,
2017-01-07,Ujjain,
2017-01-08,Pithampur,
2017-01-08,Ujjain,
2017-01-09,Pithampur,
2017-01-09,Ujjain,
2017-01-10,Pithampur,
2017-01-10,Ujjain,
2017-01-11,Pithampur,
2017-01-11,Ujjain,
2017-01-12,Pithampur,
2017-01-12,Ujjain,
2017-01-13,Pithampur,
2017-01-13,Ujjain,
2017-01-14,Pithampur,
2017-01-14,Ujjain,
2017-01-15,Pithampur,
2017-01-15,Ujjain,
2017-01-16,Pithampur,
2017-01-16,Ujjain,
2017-01-17,Pithampur,
2017-01-17,Ujjain,
2017-01-18,Pithampur,
2017-01-18,Ujjain,
2017-01-19,Pithampur,
2017-01-19,Ujjain,
2017-01-20,Pithampur,
2017-01-20,Ujjain,
2017-01-21,Pithampur,
2017-01-21,Ujjain,
2017-01-22,Pithampur,
2017-01-22,Ujjain,
2017-01-23,Pithampur,
2017-01-23,Ujjain,
2017-01-24,Pithampur,
2017-01-24,Ujjain,
2017-01-25,Pithampur,
2017-01-25,Ujjain,
2017-01-26,Pithampur,
2017-01-26,Ujjain,
2017-01-27,Pithampur,
2017-01-27,Ujjain,
2017-01-28,Pithampur,
2017-01-28,Ujjain,
2017-01-29,Pithampur,
2017-01-29,Ujjain,
2017-01-30,Pithampur,
2017-01-30,Ujjain,
2017-01-31,Pithampur,
2017-01-31,Ujjain,
2017-02-01,Pithampur,
2017-02-01,Ujjain,
2017-02-02,Pithampur,
2017-02-02,Ujjain,
2017-02-03,Pithampur,
2017-02-03,Ujjain,
2017-02-04,Pithampur,
2017-02-04,Ujjain,
2017-02-05,Pithampur,
2017-02-05,Ujjain,
2017-02-06,Pithampur,
2017-02-06,Ujjain,
2017-02-07,Pithampur,
2017-02-07,Ujjain,
2017-02-08,Pithampur,
2017-02-08,Ujjain,
2017-02-09,Pithampur,
2017-02-09,Ujjain,
2017-02-10,Pithampur,
2017-02-10,Ujjain,
2017-02-11,Pithampur,
2017-02-11,Ujjain,
2017-02-12,Pithampur,
2017-02-12,Ujjain,
2017-02-13,Pithampur,
2017-02-13,Ujjain,
2017-02-14,Pithampur,
2017-02-14,Ujjain,
2017-02-15,Pithampur,
2017-02-15,Ujjain,
2017-02-16,Pithampur,
2017-02-16,Ujjain,
2017-02-17,Pithampur,
2017-02-17,Ujjain,
2017-02-18,Pithampur,
2017-02-18,Ujjain,
2017-02-19,Pithampur,
2017-02-19,Ujjain,
2017-02-20,Pithampur,
2017-02-20,Ujjain,
2017-02-21,Pithampur,
2017-02-21,Ujjain,
2017-02-22,Pithampur,
2017-02-22,Ujjain,
2017-02-23,Pithampur,
2017-02-23,Ujjain,
2017-02-24,Pithampur,
2017-02-24,Ujjain,
2017-02-25,Pithampur,
2017-02-25,Ujjain,
2017-02-26,Pithampur,
2017-02-26,Ujjain,
2017-02-27,Pithampur,
2017-02-27,Ujjain,
2017-02-28,Pithampur,
2017-02-28,Ujjain,
2017-03-01,Pithampur,
2017-03-01,Ujjain,
2017-03-02,Pithampur,
2017-03-02,Ujjain,
2017-03-03,Pithampur,
2017-03-03,Ujjain,
2017-03-04,Pithampur,
2017-03-04,Ujjain,
2017-03-05,Pithampur,
2017-03-05,Ujjain,
2017-03-06,Pithampur,
2017-03-06,Ujjain,
2017-03-07,Pithampur,
2017-03-07,Ujjain,
2017-03-08,Pithampur,
2017-03-08,Ujjain,
2017-03-09,Pithampur,
2017-03-09,Ujjain,
2017-03-10,Pithampur,
2017-03-10,Ujjain,
2017-03-11,Pithampur,
2017-03-11,Ujjain,
2017-03-12,Pithampur,
2017-03-12,Ujjain,
2017-03-13,Pithampur,
2017-03-13,Ujjain,
2017-03-14,Pithampur,
2017-03-14,Ujjain,
2017-03-15,Pithampur,
2017-03-15,Ujjain,
2017-03-16,Pithampur,
2017-03-16,Ujjain,
2017-03-17,Pithampur,
2017-03-17,Ujjain,
2017-03-18,Pithampur,
2017-03-18,Ujjain,
2017-03-19,Pithampur,
2017-03-19,Ujjain,
2017-03-20,Pithampur,
2017-03-20,Ujjain,
2017-03-21,Pithampur,
2017-03-21,Ujjain,
2017-03-22,Pithampur,
2017-03-22,Ujjain,
2017-03-23,Pithampur,
2017-03-23,Ujjain,
2017-03-24,Pithampur,
2017-03-24,Ujjain,
2017-03-25,Pithampur,
2017-03-25,Ujjain,
2017-03-26,Pithampur,
2017-03-26,Ujjain,
2017-03-27,Pithampur,
2017-03-27,Ujjain,
2017-03-28,Pithampur,
2017-03-28,Ujjain,
2017-03-29,Pithampur,
2017-03-29,Ujjain,
2017-03-30,Pithampur,
2017-03-30,Ujjain,
2017-03-31,Pithampur,
2017-03-31,Ujjain,
2017-04-01,Pithampur,
2017-04-01,Ujjain,
2017-04-02,Pithampur,
2017-04-02,Ujjain,
2017-04-03,Pithampur,
2017-04-03,Ujjain,
2017-04-04,Pithampur,
2017-04-04,Ujjain,
2017-04-05,Pithampur,
2017-04-05,Ujjain,
2017-04-06,Pithampur,
2017-04-06,Ujjain,
2017-04-07,Pithampur,
2017-04-07,Ujjain,
2017-04-08,Pithampur,
2017-04-08,Ujjain,
2017-04-09,Pithampur,
2017-04-09,Ujjain,
2017-04-10,Pithampur,
2017-04-10,Ujjain,
2017-04-11,Pithampur,
2017-04-11,Ujjain,
2017-04-12,Pithampur,
2017-04-12,Ujjain,
2017-04-13,Pithampur,
2017-04-13,Ujjain,
2017-04-14,Pithampur,
2017-04-14,Ujjain,
2017-04-15,Pithampur,
2017-04-15,Ujjain,
2017-04-16,Pithampur,
2017-04-16,Ujjain,
2017-04-17,Pithampur,
2017-04-17,Ujjain,
2017-04-18,Pithampur,
2017-04-18,Ujjain,
2017-04-19,Pithampur,
2017-04-19,Ujjain,
2017-04-20,Pithampur,
2017-04-20,Ujjain,
2017-04-21,Pithampur,
2017-04-21,Ujjain,
2017-04-22,Pithampur,
2017-04-22,Ujjain,
2017-04-23,Pithampur,
2017-04-23,Ujjain,
2017-04-24,Pithampur,
2017-04-24,Ujjain,
2017-04-25,Pithampur,
2017-04-25,Ujjain,
2017-04-26,Pithampur,
2017-04-26,Ujjain,
2017-04-27,Pithampur,
2017-04-27,Ujjain,
2017-04-28,Pithampur,
2017-04-28,Ujjain,
2017-04-29,Pithampur,
2017-04-29,Ujjain,
2017-04-30,Pithampur,
2017-04-30,Ujjain,
2017-05-01,Pithampur,
2017-05-01,Ujjain,
2017-05-02,Pithampur,
2017-05-02,Ujjain,
2017-05-03,Pithampur,
2017-05-03,Ujjain,
2017-05-04,Pithampur,
2017-05-04,Ujjain,
2017-05-05,Pithampur,
2017-05-05,Ujjain,
2017-05-06,Pithampur,
2017-05-06,Ujjain,
2017-05-07,Pithampur,
2017-05-07,Ujjain,
2017-05-08,Pithampur,
2017-05-08,Ujjain,
2017-05-09,Pithampur,
2017-05-09,Ujjain,
2017-05-10,Pithampur,
2017-05-10,Ujjain,
2017-05-11,Pithampur,
2017-05-11,Ujjain,
2017-05-12,Pithampur,
2017-05-12,Ujjain,
2017-05-13,Pithampur,
2017-05-13,Ujjain,
2017-05-14,Pithampur,
2017-05-14,Ujjain,
2017-05-15,Pithampur,
2017-05-15,Ujjain,
2017-05-16,Pithampur,
2017-05-16,Ujjain,
2017-05-17,Pithampur,
2017-05-17,Ujjain,
2017-05-18,Pithampur,
2017-05-18,Ujjain,
2017-05-19,Pithampur,
2017-05-19,Ujjain,
2017-05-20,Pithampur,
2017-05-20,Ujjain,
2017-05-21,Pithampur,
2017-05-21,Ujjain,
2017-05-22,Pithampur,
2017-05-22,Ujjain,
2017-05-23,Pithampur,
2017-05-23,Ujjain,
2017-05-24,Pithampur,
2017-05-24,Ujjain,
2017-05-25,Pithampur,
2017-05-25,Ujjain,
2017-05-26,Pithampur,
2017-05-26,Ujjain,
2017-05-27,Pithampur,
2017-05-27,Ujjain,
2017-05-28,Pithampur,
2017-05-28,Ujjain,
2017-05-29,Pithampur,
2017-05-29,Ujjain,
2017-05-30,Pithampur,
2017-05-30,Ujjain,
2017-05-31,Pithampur,
2017-05-31,Ujjain,
2017-06-01,Pithampur,
2017-06-01,Ujjain,
2017-06-02,Pithampur,
2017-06-02,Ujjain,
2017-06-03,Pithampur,
2017-06-03,Ujjain,
2017-06-04,Pithampur,
2017-06-04,Ujjain,
2017-06-05,Pithampur,
2017-06-05,Ujjain,
2017-06-06,Pithampur,
2017-06-06,Ujjain,
2017-06-07,Pithampur,
2017-06-07,Ujjain,
2017-06-08,Pithampur,
2017-06-08,Ujjain,
2017-06-09,Pithampur,
2017-06-09,Ujjain,
2017-06-10,Pithampur,
2017-06-10,Ujjain,
2017-06-11,Pithampur,
2017-06-11,Ujjain,
2017-06-12,Pithampur,
2017-06-12,Ujjain,
2017-06-13,Pithampur,
2017-06-13,Ujjain,
2017-06-14,Pithampur,
2017-06-14,Ujjain,
2017-06-15,Pithampur,
2017-06-15,Ujjain,
2017-06-16,Pithampur,
2017-06-16,Ujjain,
2017-06-17,Pithampur,
2017-06-17,Ujjain,
2017-06-18,Pithampur,
2017-06-18,Ujjain,
2017-06-19,Pithampur,
2017-06-19,Ujjain,
2017-06-20,Pithampur,
2017-06-20,Ujjain,
2017-06-21,Pithampur,
2017-06-21,Ujjain,
2017-06-22,Pithampur,
2017-06-22,Ujjain,
2017-06-23,Pithampur,
2017-06-23,Ujjain,
2017-06-24,Pithampur,
2017-06-24,Ujjain,
2017-06-25,Pithampur,
2017-06-25,Ujjain,
2017-06-26,Pithampur,
2017-06-26,Ujjain,
2017-06-27,Pithampur,
2017-06-27,Ujjain,
2017-06-28,Pithampur,
2017-06-28,Ujjain,
2017-06-29,Pithampur,
2017-06-29,Ujjain,
2017-06-30,Pithampur,
2017-06-30,Ujjain,
2017-07-01,Pithampur,
2017-07-01,Ujjain,
2017-07-02,Pithampur,
2017-07-02,Ujjain,
2017-07-03,Pithampur,
2017-07-03,Ujjain,
2017-07-04,Pithampur,
2017-07-04,Ujjain,
2017-07-05,Pithampur,
2017-07-05,Ujjain,
2017-07-06,Pithampur,
2017-07-06,Ujjain,
2017-07-07,Pithampur,
2017-07-07,Ujjain,
2017-07-08,Pithampur,
2017-07-08,Ujjain,
2017-07-09,Pithampur,
2017-07-09,Ujjain,
2017-07-10,Pithampur,
2017-07-10,Ujjain,
2017-07-11,Pithampur,
2017-07-11,Ujjain,
2017-07-12,Pithampur,
2017-07-12,Ujjain,
2017-07-13,Pithampur,
2017-07-13,Ujjain,
2017-07-14,Pithampur,
2017-07-14,Ujjain,
2017-07-15,Pithampur,
2017-07-15,Ujjain,
2017-07-16,Pithampur,
2017-07-16,Ujjain,
2017-07-17,Pithampur,
2017-07-17,Ujjain,
2017-07-18,Pithampur,
2017-07-18,Ujjain,
2017-07-19,Pithampur,
2017-07-19,Ujjain,
2017-07-20,Pithampur,
2017-07-20,Ujjain,
2017-07-21,Pithampur,
2017-07-21,Ujjain,
2017-07-22,Pithampur,
2017-07-22,Ujjain,
2017-07-23,Pithampur,
2017-07-23,Ujjain,
2017-07-24,Pithampur,
2017-07-24,Ujjain,
2017-07-25,Pithampur,
2017-07-25,Ujjain,
2017-07-26,Pithampur,
2017-07-26,Ujjain,
2017-07-27,Pithampur,
2017-07-27,Ujjain,
2017-07-28,Pithampur,
2017-07-28,Ujjain,
2017-07-29,Pithampur,
2017-07-29,Ujjain,
2017-07-30,Pithampur,
2017-07-30,Ujjain,
2017-07-31,Pithampur,
2017-07-31,Ujjain,
2017-08-01,Pithampur,
2017-08-01,Ujjain,
2017-08-02,Pithampur,
2017-08-02,Ujjain,
2017-08-03,Pithampur,
2017-08-03,Ujjain,
2017-08-04,Pithampur,
2017-08-04,Ujjain,
2017-08-05,Pithampur,
2017-08-05,Ujjain,
2017-08-06,Pithampur,
2017-08-06,Ujjain,
2017-08-07,Pithampur,
2017-08-07,Ujjain,
2017-08-08,Pithampur,
2017-08-08,Ujjain,
2017-08-09,Pithampur,
2017-08-09,Ujjain,
2017-08-10,Pithampur,
2017-08-10,Ujjain,
2017-08-11,Pithampur,
2017-08-11,Ujjain,
2017-08-12,Pithampur,
2017-08-12,Ujjain,
2017-08-13,Pithampur,
2017-08-13,Ujjain,
2017-08-14,Pithampur,
2017-08-14,Ujjain,
2017-08-15,Pithampur,
2017-08-15,Ujjain,
2017-08-16,Pithampur,
2017-08-16,Ujjain,
2017-08-17,Pithampur,
2017-08-17,Ujjain,
2017-08-18,Pithampur,
2017-08-18,Ujjain,
2017-08-19,Pithampur,
2017-08-19,Ujjain,
2017-08-20,Pithampur,
2017-08-20,Ujjain,
2017-08-21,Pithampur,
2017-08-21,Ujjain,
2017-08-22,Pithampur,
2017-08-22,Ujjain,
2017-08-23,Pithampur,
2017-08-23,Ujjain,
2017-08-24,Pithampur,
2017-08-24,Ujjain,
2017-08-25,Pithampur,
2017-08-25,Ujjain,
2017-08-26,Pithampur,
2017-08-26,Ujjain,
2017-08-27,Pithampur,
2017-08-27,Ujjain,
2017-08-28,Pithampur,
2017-08-28,Ujjain,
2017-08-29,Pithampur,
2017-08-29,Ujjain,
2017-08-30,Pithampur,
2017-08-30,Ujjain,
2017-08-31,Pithampur,
2017-08-31,Ujjain,
2017-09-01,Pithampur,
2017-09-01,Ujjain,
2017-09-02,Pithampur,
2017-09-02,Ujjain,
2017-09-03,Pithampur,
2017-09-03,Ujjain,
2017-09-04,Pithampur,
2017-09-04,Ujjain,
2017-09-05,Pithampur,
2017-09-05,Ujjain,
2017-09-06,Pithampur,
2017-09-06,Ujjain,
2017-09-07,Pithampur,
2017-09-07,Ujjain,
2017-09-08,Pithampur,
2017-09-08,Ujjain,
2017-09-09,Pithampur,
2017-09-09,Ujjain,
2017-09-10,Pithampur,
2017-09-10,Ujjain,
2017-09-11,Pithampur,
2017-09-11,Ujjain,
2017-09-12,Pithampur,
2017-09-12,Ujjain,
2017-09-13,Pithampur,
2017-09-13,Ujjain,
2017-09-14,Pithampur,
2017-09-14,Ujjain,
2017-09-15,Pithampur,
2017-09-15,Ujjain,
2017-09-16,Pithampur,
2017-09-16,Ujjain,
2017-09-17,Pithampur,
2017-09-17,Ujjain,
2017-09-18,Pithampur,
2017-09-18,Ujjain,
2017-09-19,Pithampur,
2017-09-19,Ujjain,
2017-09-20,Pithampur,
2017-09-20,Ujjain,
2017-09-21,Pithampur,
2017-09-21,Ujjain,
2017-09-22,Pithampur,
2017-09-22,Ujjain,
2017-09-23,Pithampur,
2017-09-23,Ujjain,
2017-09-24,Pithampur,
2017-09-24,Ujjain,
2017-09-25,Pithampur,
2017-09-25,Ujjain,
2017-09-26,Pithampur,
2017-09-26,Ujjain,
2017-09-27,Pithampur,
2017-09-27,Ujjain,
2017-09-28,Pithampur,
2017-09-28,Ujjain,
2017-09-29,Pithampur,
2017-09-29,Ujjain,
2017-09-30,Pithampur,
2017-09-30,Ujjain,
2017-10-01,Pithampur,
2017-10-01,Ujjain,
2017-10-02,Pithampur,
2017-10-02,Ujjain,
2017-10-03,Pithampur,
2017-10-03,Ujjain,
2017-10-04,Pithampur,
2017-10-04,Ujjain,
2017-10-05,Pithampur,
2017-10-05,Ujjain,
2017-10-06,Pithampur,
2017-10-06,Ujjain,
2017-10-07,Pithampur,
2017-10-07,Ujjain,
2017-10-08,Pithampur,
2017-10-08,Ujjain,
2017-10-09,Pithampur,
2017-10-09,Ujjain,
2017-10-10,Pithampur,
2017-10-10,Ujjain,
2017-10-11,Pithampur,
2017-10-11,Ujjain,
2017-10-12,Pithampur,
2017-10-12,Ujjain,
2017-10-13,Pithampur,
2017-10-13,Ujjain,
2017-10-14,Pithampur,
2017-10-14,Ujjain,
2017-10-15,Pithampur,
2017-10-15,Ujjain,
2017-10-16,Pithampur,
2017-10-16,Ujjain,
2017-10-17,Pithampur,
2017-10-17,Ujjain,
2017-10-18,Pithampur,
2017-10-18,Ujjain,
2017-10-19,Pithampur,
2017-10-19,Ujjain,
2017-10-20,Pithampur,
2017-10-20,Ujjain,
2017-10-21,Pithampur,
2017-10-21,Ujjain,
2017-10-22,Pithampur,
2017-10-22,Ujjain,
2017-10-23,Pithampur,
2017-10-23,Ujjain,
2017-10-24,Pithampur,
2017-10-24,Ujjain,
2017-10-25,Pithampur,
2017-10-25,Ujjain,
2017-10-26,Pithampur,
2017-10-26,Ujjain,
2017-10-27,Pithampur,
2017-10-27,Ujjain,
2017-10-28,Pithampur,
2017-10-28,Ujjain,
2017-10-29,Pithampur,
2017-10-29,Ujjain,
2017-10-30,Pithampur,
2017-10-30,Ujjain,
2017-10-31,Pithampur,
2017-10-31,Ujjain,
2017-11-01,Pithampur,
2017-11-01,Ujjain,
2017-11-02,Pithampur,
2017-11-02,Ujjain,
2017-11-03,Pithampur,
2017-11-03,Ujjain,
2017-11-04,Pithampur,
2017-11-04,Ujjain,
2017-11-05,Pithampur,
2017-11-05,Ujjain,
2017-11-06,Pithampur,
2017-11-06,Ujjain,
2017-11-07,Pithampur,
2017-11-07,Ujjain,
2017-11-08,Pithampur,
2017-11-08,Ujjain,
2017-11-09,Pithampur,
2017-11-09,Ujjain,
2017-11-10,Pithampur,
2017-11-10,Ujjain,
2017-11-11,Pithampur,
2017-11-11,Ujjain,
2017-11-12,Pithampur,
2017-11-12,Ujjain,
2017-11-13,Pithampur,
2017-11-13,Ujjain,
2017-11-14,Pithampur,
2017-11-14,Ujjain,
2017-11-15,Pithampur,
2017-11-15,Ujjain,
2017-11-16,Pithampur,
2017-11-16,Ujjain,
2017-11-17,Pithampur,
2017-11-17,Ujjain,
2017-11-18,Pithampur,
2017-11-18,Ujjain,
2017-11-19,Pithampur,
2017-11-19,Ujjain,
2017-11-20,Pithampur,
2017-11-20,Ujjain,
2017-11-21,Pithampur,
2017-11-21,Ujjain,
2017-11-22,Pithampur,
2017-11-22,Ujjain,
2017-11-23,Pithampur,287.0
2017-11-23,Ujjain,224.0
2017-11-24,Pithampur,248.0
2017-11-24,Ujjain,147.0
2017-11-25,Pithampur,220.0
2017-11-25,Ujjain,158.0
2017-11-26,Pithampur,199.0
2017-11-26,Ujjain,237.0
2017-11-27,Pithampur,214.0
2017-11-27,Ujjain,296.0
2017-11-28,Pithampur,234.0
2017-11-28,Ujjain,254.0
2017-11-29,Pithampur,188.0
2017-11-29,Ujjain,263.0
2017-11-30,Pithampur,189.0
2017-11-30,Ujjain,248.0
2017-12-01,Pithampur,217.0
2017-12-01,Ujjain,182.0
2017-12-02,Pithampur,178.0
2017-12-02,Ujjain,134.0
2017-12-03,Pithampur,201.0
2017-12-03,Ujjain,123.0
2017-12-04,Pithampur,184.0
2017-12-04,Ujjain,123.0
2017-12-05,Pithampur,202.0
2017-12-05,Ujjain,160.0
2017-12-06,Pithampur,189.0
2017-12-06,Ujjain,168.0
2017-12-07,Pithampur,227.0
2017-12-07,Ujjain,219.0
2017-12-08,Pithampur,307.0
2017-12-08,Ujjain,303.0
2017-12-09,Pithampur,318.0
2017-12-09,Ujjain,278.0
2017-12-10,Pithampur,211.0
2017-12-10,Ujjain,207.0
2017-12-11,Pithampur,124.0
2017-12-11,Ujjain,130.0
2017-12-12,Pithampur,117.0
2017-12-12,Ujjain,135.0
2017-12-13,Pithampur,136.0
2017-12-13,Ujjain,172.0
2017-12-14,Pithampur,144.0
2017-12-14,Ujjain,175.0
2017-12-15,Pithampur,187.0
2017-12-15,Ujjain,201.0
2017-12-16,Pithampur,264.0
2017-12-16,Ujjain,296.0
2017-12-17,Pithampur,256.0
2017-12-17,Ujjain,269.0
2017-12-18,Pithampur,199.0
2017-12-18,Ujjain,170.0
2017-12-19,Pithampur,120.0
2017-12-19,Ujjain,133.0
2017-12-20,Pithampur,109.0
2017-12-20,Ujjain,142.0
2017-12-21,Pithampur,117.0
2017-12-21,Ujjain,146.0
2017-12-22,Pithampur,209.0
2017-12-22,Ujjain,254.0
2017-12-23,Pithampur,266.0
2017-12-23,Ujjain,273.0
2017-12-24,Pithampur,297.0
2017-12-24,Ujjain,248.0
2017-12-25,Pithampur,187.0
2017-12-25,Ujjain,244.0
2017-12-26,Pithampur,147.0
2017-12-26,Ujjain,202.0
2017-12-27,Pithampur,140.0
2017-12-27,Ujjain,131.0
2017-12-28,Pithampur,138.0
2017-12-28,Ujjain,148.0
2017-12-29,Pithampur,156.0
2017-12-29,Ujjain,167.0
2017-12-30,Pithampur,330.0
2017-12-30,Ujjain,217.0
2017-12-31,Pithampur,194.0
2017-12-31,Ujjain,199.0
2018-01-01,Pithampur,202.0
2018-01-01,Ujjain,417.0
2018-01-02,Pithampur,229.0
2018-01-02,Ujjain,898.0
2018-01-03,Pithampur,234.0
2018-01-03,Ujjain,268.0
2018-01-04,Pithampur,190.0
2018-01-04,Ujjain,152.0
2018-01-05,Pithampur,152.0
2018-01-05,Ujjain,232.0
2018-01-06,Pithampur,187.0
2018-01-06,Ujjain,324.0
2018-01-07,Pithampur,151.0
2018-01-07,Ujjain,
2018-01-08,Pithampur,132.0
2018-01-08,Ujjain,
2018-01-09,Pithampur,140.0
2018-01-09,Ujjain,
2018-01-10,Pithampur,151.0
2018-01-10,Ujjain,158.0
2018-01-11,Pithampur,165.0
2018-01-11,Ujjain,177.0
2018-01-12,Pithampur,153.0
2018-01-12,Ujjain,263.0
2018-01-13,Pithampur,185.0
2018-01-13,Ujjain,262.0
2018-01-14,Pithampur,134.0
2018-01-14,Ujjain,165.0
2018-01-15,Pithampur,145.0
2018-01-15,Ujjain,210.0
2018-01-16,Pithampur,128.0
2018-01-16,Ujjain,186.0
2018-01-17,Pithampur,122.0
2018-01-17,Ujjain,165.0
2018-01-18,Pithampur,102.0
2018-01-18,Ujjain,168.0
2018-01-19,Pithampur,97.0
2018-01-19,Ujjain,151.0
2018-01-20,Pithampur,456.0
2018-01-20,Ujjain,179.0
2018-01-21,Pithampur,154.0
2018-01-21,Ujjain,153.0
2018-01-22,Pithampur,122.0
2018-01-22,Ujjain,154.0
2018-01-23,Pithampur,135.0
2018-01-23,Ujjain,168.0
2018-01-24,Pithampur,125.0
2018-01-24,Ujjain,154.0
2018-01-25,Pithampur,436.0
2018-01-25,Ujjain,152.0
2018-01-26,Pithampur,310.0
2018-01-26,Ujjain,238.0
2018-01-27,Pithampur,200.0
2018-01-27,Ujjain,269.0
2018-01-28,Pithampur,141.0
2018-01-28,Ujjain,223.0
2018-01-29,Pithampur,146.0
2018-01-29,Ujjain,204.0
2018-01-30,Pithampur,168.0
2018-01-30,Ujjain,269.0
2018-01-31,Pithampur,153.0
2018-01-31,Ujjain,308.0
2018-02-01,Pithampur,117.0
2018-02-01,Ujjain,217.0
2018-02-02,Pithampur,118.0
2018-02-02,Ujjain,166.0
2018-02-03,Pithampur,131.0
2018-02-03,Ujjain,205.0
2018-02-04,Pithampur,130.0
2018-02-04,Ujjain,168.0
2018-02-05,Pithampur,136.0
2018-02-05,Ujjain,188.0
2018-02-06,Pithampur,157.0
2018-02-06,Ujjain,202.0
2018-02-07,Pithampur,143.0
2018-02-07,Ujjain,147.0
2018-02-08,Pithampur,145.0
2018-02-08,Ujjain,145.0
2018-02-09,Pithampur,155.0
2018-02-09,Ujjain,158.0
2018-02-10,Pithampur,122.0
2018-02-10,Ujjain,158.0
2018-02-11,Pithampur,134.0
2018-02-11,Ujjain,177.0
2018-02-12,Pithampur,120.0
2018-02-12,Ujjain,151.0
2018-02-13,Pithampur,128.0
2018-02-13,Ujjain,125.0
2018-02-14,Pithampur,133.0
2018-02-14,Ujjain,138.0
2018-02-15,Pithampur,130.0
2018-02-15,Ujjain,130.0
2018-02-16,Pithampur,141.0
2018-02-16,Ujjain,137.0
2018-02-17,Pithampur,146.0
2018-02-17,Ujjain,142.0
2018-02-18,Pithampur,146.0
2018-02-18,Ujjain,159.0
2018-02-19,Pithampur,157.0
2018-02-19,Ujjain,159.0
2018-02-20,Pithampur,148.0
2018-02-20,Ujjain,176.0
2018-02-21,Pithampur,156.0
2018-02-21,Ujjain,165.0
2018-02-22,Pithampur,142.0
2018-02-22,Ujjain,163.0
2018-02-23,Pithampur,145.0
2018-02-23,Ujjain,171.0
2018-02-24,Pithampur,152.0
2018-02-24,Ujjain,153.0
2018-02-25,Pithampur,157.0
2018-02-25,Ujjain,157.0
2018-02-26,Pithampur,153.0
2018-02-26,Ujjain,159.0
2018-02-27,Pithampur,134.0
2018-02-27,Ujjain,148.0
2018-02-28,Pithampur,127.0
2018-02-28,Ujjain,145.0
2018-03-01,Pithampur,124.0
2018-03-01,Ujjain,154.0
2018-03-02,Pithampur,134.0
2018-03-02,Ujjain,198.0
2018-03-03,Pithampur,132.0
2018-03-03,Ujjain,263.0
2018-03-04,Pithampur,120.0
2018-03-04,Ujjain,167.0
2018-03-05,Pithampur,114.0
2018-03-05,Ujjain,130.0
2018-03-06,Pithampur,115.0
2018-03-06,Ujjain,158.0
2018-03-07,Pithampur,117.0
2018-03-07,Ujjain,150.0
2018-03-08,Pithampur,115.0
2018-03-08,Ujjain,132.0
2018-03-09,Pithampur,127.0
2018-03-09,Ujjain,182.0
2018-03-10,Pithampur,121.0
2018-03-10,Ujjain,186.0
2018-03-11,Pithampur,186.0
2018-03-11,Ujjain,219.0
2018-03-12,Pithampur,123.0
2018-03-12,Ujjain,166.0
2018-03-13,Pithampur,99.0
2018-03-13,Ujjain,140.0
2018-03-14,Pithampur,125.0
2018-03-14,Ujjain,181.0
2018-03-15,Pithampur,134.0
2018-03-15,Ujjain,127.0
2018-03-16,Pithampur,134.0
2018-03-16,Ujjain,118.0
2018-03-17,Pithampur,144.0
2018-03-17,Ujjain,130.0
2018-03-18,Pithampur,131.0
2018-03-18,Ujjain,166.0
2018-03-19,Pithampur,132.0
2018-03-19,Ujjain,167.0
2018-03-20,Pithampur,137.0
2018-03-20,Ujjain,164.0
2018-03-21,Pithampur,126.0
2018-03-21,Ujjain,246.0
2018-03-22,Pithampur,122.0
2018-03-22,Ujjain,132.0
2018-03-23,Pithampur,140.0
2018-03-23,Ujjain,134.0
2018-03-24,Pithampur,143.0
2018-03-24,Ujjain,173.0
2018-03-25,Pithampur,118.0
2018-03-25,Ujjain,160.0
2018-03-26,Pithampur,113.0
2018-03-26,Ujjain,150.0
2018-03-27,Pithampur,127.0
2018-03-27,Ujjain,170.0
2018-03-28,Pithampur,143.0
2018-03-28,Ujjain,192.0
2018-03-29,Pithampur,137.0
2018-03-29,Ujjain,155.0
2018-03-30,Pithampur,136.0
2018-03-30,Ujjain,150.0
2018-03-31,Pithampur,157.0
2018-03-31,Ujjain,178.0
2018-04-01,Pithampur,155.0
2018-04-01,Ujjain,145.0
2018-04-02,Pithampur,148.0
2018-04-02,Ujjain,162.0
2018-04-03,Pithampur,152.0
2018-04-03,Ujjain,186.0
2018-04-04,Pithampur,151.0
2018-04-04,Ujjain,152.0
2018-04-05,Pithampur,138.0
2018-04-05,Ujjain,153.0
2018-04-06,Pithampur,138.0
2018-04-06,Ujjain,152.0
2018-04-07,Pithampur,173.0
2018-04-07,Ujjain,159.0
2018-04-08,Pithampur,175.0
2018-04-08,Ujjain,176.0
2018-04-09,Pithampur,147.0
2018-04-09,Ujjain,190.0
2018-04-10,Pithampur,154.0
2018-04-10,Ujjain,169.0
2018-04-11,Pithampur,157.0
2018-04-11,Ujjain,186.0
2018-04-12,Pithampur,141.0
2018-04-12,Ujjain,171.0
2018-04-13,Pithampur,135.0
2018-04-13,Ujjain,145.0
2018-04-14,Pithampur,156.0
2018-04-14,Ujjain,145.0
2018-04-15,Pithampur,149.0
2018-04-15,Ujjain,171.0
2018-04-16,Pithampur,138.0
2018-04-16,Ujjain,140.0
2018-04-17,Pithampur,134.0
2018-04-17,Ujjain,133.0
2018-04-18,Pithampur,127.0
2018-04-18,Ujjain,127.0
2018-04-19,Pithampur,126.0
2018-04-19,Ujjain,141.0
2018-04-20,Pithampur,144.0
2018-04-20,Ujjain,146.0
2018-04-21,Pithampur,156.0
2018-04-21,Ujjain,141.0
2018-04-22,Pithampur,147.0
2018-04-22,Ujjain,133.0
2018-04-23,Pithampur,146.0
2018-04-23,Ujjain,152.0
2018-04-24,Pithampur,167.0
2018-04-24,Ujjain,194.0
2018-04-25,Pithampur,133.0
2018-04-25,Ujjain,185.0
2018-04-26,Pithampur,122.0
2018-04-26,Ujjain,184.0
2018-04-27,Pithampur,112.0
2018-04-27,Ujjain,148.0
2018-04-28,Pithampur,125.0
2018-04-28,Ujjain,132.0
2018-04-29,Pithampur,123.0
2018-04-29,Ujjain,151.0
2018-04-30,Pithampur,128.0
2018-04-30,Ujjain,147.0
2018-05-01,Pithampur,137.0
2018-05-01,Ujjain,138.0
2018-05-02,Pithampur,145.0
2018-05-02,Ujjain,142.0
2018-05-03,Pithampur,143.0
2018-05-03,Ujjain,137.0
2018-05-04,Pithampur,120.0
2018-05-04,Ujjain,139.0
2018-05-05,Pithampur,129.0
2018-05-05,Ujjain,139.0
2018-05-06,Pithampur,151.0
2018-05-06,Ujjain,151.0
2018-05-07,Pithampur,158.0
2018-05-07,Ujjain,162.0
2018-05-08,Pithampur,131.0
2018-05-08,Ujjain,150.0
2018-05-09,Pithampur,135.0
2018-05-09,Ujjain,130.0
2018-05-10,Pithampur,151.0
2018-05-10,Ujjain,133.0
2018-05-11,Pithampur,149.0
2018-05-11,Ujjain,146.0
2018-05-12,Pithampur,141.0
2018-05-12,Ujjain,152.0
2018-05-13,Pithampur,129.0
2018-05-13,Ujjain,138.0
2018-05-14,Pithampur,128.0
2018-05-14,Ujjain,124.0
2018-05-15,Pithampur,141.0
2018-05-15,Ujjain,140.0
2018-05-16,Pithampur,158.0
2018-05-16,Ujjain,148.0
2018-05-17,Pithampur,192.0
2018-05-17,Ujjain,162.0
2018-05-18,Pithampur,195.0
2018-05-18,Ujjain,187.0
2018-05-19,Pithampur,195.0
2018-05-19,Ujjain,180.0
2018-05-20,Pithampur,195.0
2018-05-20,Ujjain,200.0
2018-05-21,Pithampur,197.0
2018-05-21,Ujjain,192.0
2018-05-22,Pithampur,185.0
2018-05-22,Ujjain,194.0
2018-05-23,Pithampur,174.0
2018-05-23,Ujjain,160.0
2018-05-24,Pithampur,160.0
2018-05-24,Ujjain,167.0
2018-05-25,Pithampur,183.0
2018-05-25,Ujjain,264.0
2018-05-26,Pithampur,166.0
2018-05-26,Ujjain,551.0
2018-05-27,Pithampur,129.0
2018-05-27,Ujjain,249.0
2018-05-28,Pithampur,142.0
2018-05-28,Ujjain,505.0
2018-05-29,Pithampur,156.0
2018-05-29,Ujjain,329.0
2018-05-30,Pithampur,162.0
2018-05-30,Ujjain,161.0
2018-05-31,Pithampur,136.0
2018-05-31,Ujjain,152.0
2018-06-01,Pithampur,162.0
2018-06-01,Ujjain,168.0
2018-06-02,Pithampur,170.0
2018-06-02,Ujjain,172.0
2018-06-03,Pithampur,154.0
2018-06-03,Ujjain,157.0
2018-06-04,Pithampur,130.0
2018-06-04,Ujjain,133.0
2018-06-05,Pithampur,137.0
2018-06-05,Ujjain,152.0
2018-06-06,Pithampur,129.0
2018-06-06,Ujjain,134.0
2018-06-07,Pithampur,118.0
2018-06-07,Ujjain,133.0
2018-06-08,Pithampur,116.0
2018-06-08,Ujjain,136.0
2018-06-09,Pithampur,239.0
2018-06-09,Ujjain,133.0
2018-06-10,Pithampur,175.0
2018-06-10,Ujjain,121.0
2018-06-11,Pithampur,118.0
2018-06-11,Ujjain,105.0
2018-06-12,Pithampur,143.0
2018-06-12,Ujjain,141.0
2018-06-13,Pithampur,145.0
2018-06-13,Ujjain,141.0
2018-06-14,Pithampur,156.0
2018-06-14,Ujjain,163.0
2018-06-15,Pithampur,180.0
2018-06-15,Ujjain,175.0
2018-06-16,Pithampur,192.0
2018-06-16,Ujjain,180.0
2018-06-17,Pithampur,127.0
2018-06-17,Ujjain,123.0
2018-06-18,Pithampur,126.0
2018-06-18,Ujjain,113.0
2018-06-19,Pithampur,91.0
2018-06-19,Ujjain,112.0
2018-06-20,Pithampur,112.0
2018-06-20,Ujjain,115.0
2018-06-21,Pithampur,97.0
2018-06-21,Ujjain,136.0
2018-06-22,Pithampur,100.0
2018-06-22,Ujjain,144.0
2018-06-23,Pithampur,91.0
2018-06-23,Ujjain,115.0
2018-06-24,Pithampur,74.0
2018-06-24,Ujjain,127.0
2018-06-25,Pithampur,85.0
2018-06-25,Ujjain,171.0
2018-06-26,Pithampur,74.0
2018-06-26,Ujjain,142.0
2018-06-27,Pithampur,53.0
2018-06-27,Ujjain,88.0
2018-06-28,Pithampur,92.0
2018-06-28,Ujjain,84.0
2018-06-29,Pithampur,91.0
2018-06-29,Ujjain,92.0
2018-06-30,Pithampur,85.0
2018-06-30,Ujjain,70.0
2018-07-01,Pithampur,214.0
2018-07-01,Ujjain,84.0
2018-07-02,Pithampur,118.0
2018-07-02,Ujjain,91.0
2018-07-03,Pithampur,90.0
2018-07-03,Ujjain,82.0
2018-07-04,Pithampur,112.0
2018-07-04,Ujjain,65.0
2018-07-05,Pithampur,55.0
2018-07-05,Ujjain,54.0
2018-07-06,Pithampur,48.0
2018-07-06,Ujjain,60.0
2018-07-07,Pithampur,113.0
2018-07-07,Ujjain,90.0
2018-07-08,Pithampur,115.0
2018-07-08,Ujjain,87.0
2018-07-09,Pithampur,82.0
2018-07-09,Ujjain,98.0
2018-07-10,Pithampur,114.0
2018-07-10,Ujjain,126.0
2018-07-11,Pithampur,82.0
2018-07-11,Ujjain,120.0
2018-07-12,Pithampur,59.0
2018-07-12,Ujjain,98.0
2018-07-13,Pithampur,51.0
2018-07-13,Ujjain,70.0
2018-07-14,Pithampur,38.0
2018-07-14,Ujjain,66.0
2018-07-15,Pithampur,42.0
2018-07-15,Ujjain,83.0
2018-07-16,Pithampur,58.0
2018-07-16,Ujjain,105.0
2018-07-17,Pithampur,48.0
2018-07-17,Ujjain,83.0
2018-07-18,Pithampur,36.0
2018-07-18,Ujjain,67.0
2018-07-19,Pithampur,36.0
2018-07-19,Ujjain,71.0
2018-07-20,Pithampur,34.0
2018-07-20,Ujjain,75.0
2018-07-21,Pithampur,37.0
2018-07-21,Ujjain,70.0
2018-07-22,Pithampur,34.0
2018-07-22,Ujjain,68.0
2018-07-23,Pithampur,48.0
2018-07-23,Ujjain,68.0
2018-07-24,Pithampur,67.0
2018-07-24,Ujjain,64.0
2018-07-25,Pithampur,119.0
2018-07-25,Ujjain,54.0
2018-07-26,Pithampur,60.0
2018-07-26,Ujjain,76.0
2018-07-27,Pithampur,80.0
2018-07-27,Ujjain,93.0
2018-07-28,Pithampur,67.0
2018-07-28,Ujjain,72.0
2018-07-29,Pithampur,76.0
2018-07-29,Ujjain,78.0
2018-07-30,Pithampur,89.0
2018-07-30,Ujjain,91.0
2018-07-31,Pithampur,83.0
2018-07-31,Ujjain,90.0
2018-08-01,Pithampur,101.0
2018-08-01,Ujjain,107.0
2018-08-02,Pithampur,151.0
2018-08-02,Ujjain,150.0
2018-08-03,Pithampur,180.0
2018-08-03,Ujjain,176.0
2018-08-04,Pithampur,131.0
2018-08-04,Ujjain,144.0
2018-08-05,Pithampur,102.0
2018-08-05,Ujjain,109.0
2018-08-06,Pithampur,120.0
2018-08-06,Ujjain,123.0
2018-08-07,Pithampur,105.0
2018-08-07,Ujjain,113.0
2018-08-08,Pithampur,93.0
2018-08-08,Ujjain,101.0
2018-08-09,Pithampur,75.0
2018-08-09,Ujjain,79.0
2018-08-10,Pithampur,80.0
2018-08-10,Ujjain,61.0
2018-08-11,Pithampur,64.0
2018-08-11,Ujjain,58.0
2018-08-12,Pithampur,57.0
2018-08-12,Ujjain,56.0
2018-08-13,Pithampur,47.0
2018-08-13,Ujjain,55.0
2018-08-14,Pithampur,46.0
2018-08-14,Ujjain,64.0
2018-08-15,Pithampur,84.0
2018-08-15,Ujjain,96.0
2018-08-16,Pithampur,120.0
2018-08-16,Ujjain,120.0
2018-08-17,Pithampur,58.0
2018-08-17,Ujjain,82.0
2018-08-18,Pithampur,40.0
2018-08-18,Ujjain,55.0
2018-08-19,Pithampur,31.0
2018-08-19,Ujjain,49.0
2018-08-20,Pithampur,54.0
2018-08-20,Ujjain,54.0
2018-08-21,Pithampur,38.0
2018-08-21,Ujjain,57.0
2018-08-22,Pithampur,37.0
2018-08-22,Ujjain,50.0
2018-08-23,Pithampur,29.0
2018-08-23,Ujjain,50.0
2018-08-24,Pithampur,38.0
2018-08-24,Ujjain,51.0
2018-08-25,Pithampur,43.0
2018-08-25,Ujjain,48.0
2018-08-26,Pithampur,47.0
2018-08-26,Ujjain,51.0
2018-08-27,Pithampur,46.0
2018-08-27,Ujjain,52.0
2018-08-28,Pithampur,56.0
2018-08-28,Ujjain,64.0
2018-08-29,Pithampur,108.0
2018-08-29,Ujjain,109.0
2018-08-30,Pithampur,106.0
2018-08-30,Ujjain,76.0
2018-08-31,Pithampur,71.0
2018-08-31,Ujjain,58.0
2018-09-01,Pithampur,68.0
2018-09-01,Ujjain,67.0
2018-09-02,Pithampur,65.0
2018-09-02,Ujjain,50.0
2018-09-03,Pithampur,57.0
2018-09-03,Ujjain,52.0
2018-09-04,Pithampur,44.0
2018-09-04,Ujjain,52.0
2018-09-05,Pithampur,45.0
2018-09-05,Ujjain,61.0
2018-09-06,Pithampur,91.0
2018-09-06,Ujjain,83.0
2018-09-07,Pithampur,110.0
2018-09-07,Ujjain,96.0
2018-09-08,Pithampur,93.0
2018-09-08,Ujjain,77.0
2018-09-09,Pithampur,72.0
2018-09-09,Ujjain,68.0
2018-09-10,Pithampur,72.0
2018-09-10,Ujjain,58.0
2018-09-11,Pithampur,67.0
2018-09-11,Ujjain,65.0
2018-09-12,Pithampur,92.0
2018-09-12,Ujjain,79.0
2018-09-13,Pithampur,85.0
2018-09-13,Ujjain,83.0
2018-09-14,Pithampur,93.0
2018-09-14,Ujjain,74.0
2018-09-15,Pithampur,84.0
2018-09-15,Ujjain,73.0
2018-09-16,Pithampur,88.0
2018-09-16,Ujjain,74.0
2018-09-17,Pithampur,78.0
2018-09-17,Ujjain,
2018-09-18,Pithampur,78.0
2018-09-18,Ujjain,
2018-09-19,Pithampur,100.0
2018-09-19,Ujjain,109.0
2018-09-20,Pithampur,108.0
2018-09-20,Ujjain,115.0
2018-09-21,Pithampur,119.0
2018-09-21,Ujjain,119.0
2018-09-22,Pithampur,351.0
2018-09-22,Ujjain,169.0
2018-09-23,Pithampur,120.0
2018-09-23,Ujjain,67.0
2018-09-24,Pithampur,66.0
2018-09-24,Ujjain,96.0
2018-09-25,Pithampur,61.0
2018-09-25,Ujjain,86.0
2018-09-26,Pithampur,120.0
2018-09-26,Ujjain,100.0
2018-09-27,Pithampur,166.0
2018-09-27,Ujjain,115.0
2018-09-28,Pithampur,118.0
2018-09-28,Ujjain,122.0
2018-09-29,Pithampur,136.0
2018-09-29,Ujjain,139.0
2018-09-30,Pithampur,125.0
2018-09-30,Ujjain,149.0
2018-10-01,Pithampur,125.0
2018-10-01,Ujjain,167.0
2018-10-02,Pithampur,127.0
2018-10-02,Ujjain,181.0
2018-10-03,Pithampur,132.0
2018-10-03,Ujjain,211.0
2018-10-04,Pithampur,119.0
2018-10-04,Ujjain,187.0
2018-10-05,Pithampur,146.0
2018-10-05,Ujjain,159.0
2018-10-06,Pithampur,123.0
2018-10-06,Ujjain,149.0
2018-10-07,Pithampur,124.0
2018-10-07,Ujjain,179.0
2018-10-08,Pithampur,128.0
2018-10-08,Ujjain,172.0
2018-10-09,Pithampur,122.0
2018-10-09,Ujjain,143.0
2018-10-10,Pithampur,120.0
2018-10-10,Ujjain,147.0
2018-10-11,Pithampur,148.0
2018-10-11,Ujjain,146.0
2018-10-12,Pithampur,136.0
2018-10-12,Ujjain,133.0
2018-10-13,Pithampur,165.0
2018-10-13,Ujjain,152.0
2018-10-14,Pithampur,154.0
2018-10-14,Ujjain,158.0
2018-10-15,Pithampur,152.0
2018-10-15,Ujjain,167.0
2018-10-16,Pithampur,162.0
2018-10-16,Ujjain,168.0
2018-10-17,Pithampur,167.0
2018-10-17,Ujjain,173.0
2018-10-18,Pithampur,172.0
2018-10-18,Ujjain,151.0
2018-10-19,Pithampur,155.0
2018-10-19,Ujjain,153.0
2018-10-20,Pithampur,140.0
2018-10-20,Ujjain,149.0
2018-10-21,Pithampur,135.0
2018-10-21,Ujjain,142.0
2018-10-22,Pithampur,141.0
2018-10-22,Ujjain,131.0
2018-10-23,Pithampur,125.0
2018-10-23,Ujjain,171.0
2018-10-24,Pithampur,133.0
2018-10-24,Ujjain,174.0
2018-10-25,Pithampur,127.0
2018-10-25,Ujjain,163.0
2018-10-26,Pithampur,133.0
2018-10-26,Ujjain,130.0
2018-10-27,Pithampur,137.0
2018-10-27,Ujjain,149.0
2018-10-28,Pithampur,143.0
2018-10-28,Ujjain,134.0
2018-10-29,Pithampur,134.0
2018-10-29,Ujjain,143.0
2018-10-30,Pithampur,140.0
2018-10-30,Ujjain,170.0
2018-10-31,Pithampur,146.0
2018-10-31,Ujjain,160.0
2018-11-01,Pithampur,130.0
2018-11-01,Ujjain,147.0
2018-11-02,Pithampur,137.0
2018-11-02,Ujjain,130.0
2018-11-03,Pithampur,126.0
2018-11-03,Ujjain,118.0
2018-11-04,Pithampur,120.0
2018-11-04,Ujjain,166.0
2018-11-05,Pithampur,129.0
2018-11-05,Ujjain,
2018-11-06,Pithampur,150.0
2018-11-06,Ujjain,
2018-11-07,Pithampur,146.0
2018-11-07,Ujjain,128.0
2018-11-08,Pithampur,168.0
2018-11-08,Ujjain,239.0
2018-11-09,Pithampur,336.0
2018-11-09,Ujjain,425.0
2018-11-10,Pithampur,223.0
2018-11-10,Ujjain,346.0
2018-11-11,Pithampur,155.0
2018-11-11,Ujjain,296.0
2018-11-12,Pithampur,150.0
2018-11-12,Ujjain,209.0
2018-11-13,Pithampur,153.0
2018-11-13,Ujjain,229.0
2018-11-14,Pithampur,127.0
2018-11-14,Ujjain,225.0
2018-11-15,Pithampur,136.0
2018-11-15,Ujjain,223.0
2018-11-16,Pithampur,147.0
2018-11-16,Ujjain,229.0
2018-11-17,Pithampur,138.0
2018-11-17,Ujjain,191.0
2018-11-18,Pithampur,156.0
2018-11-18,Ujjain,204.0
2018-11-19,Pithampur,149.0
2018-11-19,Ujjain,236.0
2018-11-20,Pithampur,120.0
2018-11-20,Ujjain,205.0
2018-11-21,Pithampur,125.0
2018-11-21,Ujjain,327.0
2018-11-22,Pithampur,152.0
2018-11-22,Ujjain,191.0
2018-11-23,Pithampur,161.0
2018-11-23,Ujjain,185.0
2018-11-24,Pithampur,144.0
2018-11-24,Ujjain,190.0
2018-11-25,Pithampur,158.0
2018-11-25,Ujjain,191.0
2018-11-26,Pithampur,162.0
2018-11-26,Ujjain,188.0
2018-11-27,Pithampur,142.0
2018-11-27,Ujjain,191.0
2018-11-28,Pithampur,146.0
2018-11-28,Ujjain,174.0
2018-11-29,Pithampur,128.0
2018-11-29,Ujjain,183.0
2018-11-30,Pithampur,154.0
2018-11-30,Ujjain,188.0
2018-12-01,Pithampur,236.0
2018-12-01,Ujjain,219.0
2018-12-02,Pithampur,266.0
2018-12-02,Ujjain,233.0
2018-12-03,Pithampur,196.0
2018-12-03,Ujjain,202.0
2018-12-04,Pithampur,190.0
2018-12-04,Ujjain,195.0
2018-12-05,Pithampur,271.0
2018-12-05,Ujjain,202.0
2018-12-06,Pithampur,243.0
2018-12-06,Ujjain,191.0
2018-12-07,Pithampur,232.0
2018-12-07,Ujjain,200.0
2018-12-08,Pithampur,203.0
2018-12-08,Ujjain,174.0
2018-12-09,Pithampur,159.0
2018-12-09,Ujjain,142.0
2018-12-10,Pithampur,189.0
2018-12-10,Ujjain,152.0
2018-12-11,Pithampur,150.0
2018-12-11,Ujjain,168.0
2018-12-12,Pithampur,139.0
2018-12-12,Ujjain,178.0
2018-12-13,Pithampur,126.0
2018-12-13,Ujjain,168.0
2018-12-14,Pithampur,134.0
2018-12-14,Ujjain,201.0
2018-12-15,Pithampur,170.0
2018-12-15,Ujjain,188.0
2018-12-16,Pithampur,198.0
2018-12-16,Ujjain,181.0
2018-12-17,Pithampur,193.0
2018-12-17,Ujjain,155.0
2018-12-18,Pithampur,126.0
2018-12-18,Ujjain,142.0
2018-12-19,Pithampur,215.0
2018-12-19,Ujjain,216.0
2018-12-20,Pithampur,265.0
2018-12-20,Ujjain,303.0
2018-12-21,Pithampur,223.0
2018-12-21,Ujjain,302.0
2018-12-22,Pithampur,124.0
2018-12-22,Ujjain,252.0
2018-12-23,Pithampur,114.0
2018-12-23,Ujjain,285.0
2018-12-24,Pithampur,112.0
2018-12-24,Ujjain,205.0
2018-12-25,Pithampur,110.0
2018-12-25,Ujjain,199.0
2018-12-26,Pithampur,119.0
2018-12-26,Ujjain,171.0
2018-12-27,Pithampur,142.0
2018-12-27,Ujjain,151.0
2018-12-28,Pithampur,130.0
2018-12-28,Ujjain,186.0
2018-12-29,Pithampur,139.0
2018-12-29,Ujjain,239.0
2018-12-30,Pithampur,127.0
2018-12-30,Ujjain,256.0
2018-12-31,Pithampur,111.0
2018-12-31,Ujjain,146.0
2019-01-01,Pithampur,105.0
2019-01-01,Ujjain,142.0
2019-01-02,Pithampur,105.0
2019-01-02,Ujjain,229.0
2019-01-03,Pithampur,115.0
2019-01-03,Ujjain,314.0
2019-01-04,Pithampur,145.0
2019-01-04,Ujjain,210.0
2019-01-05,Pithampur,130.0
2019-01-05,Ujjain,212.0
2019-01-06,Pithampur,128.0
2019-01-06,Ujjain,218.0
2019-01-07,Pithampur,152.0
2019-01-07,Ujjain,201.0
2019-01-08,Pithampur,245.0
2019-01-08,Ujjain,242.0
2019-01-09,Pithampur,334.0
2019-01-09,Ujjain,310.0
2019-01-10,Pithampur,270.0
2019-01-10,Ujjain,324.0
2019-01-11,Pithampur,198.0
2019-01-11,Ujjain,247.0
2019-01-12,Pithampur,153.0
2019-01-12,Ujjain,309.0
2019-01-13,Pithampur,137.0
2019-01-13,Ujjain,164.0
2019-01-14,Pithampur,182.0
2019-01-14,Ujjain,153.0
2019-01-15,Pithampur,156.0
2019-01-15,Ujjain,170.0
2019-01-16,Pithampur,189.0
2019-01-16,Ujjain,209.0
2019-01-17,Pithampur,128.0
2019-01-17,Ujjain,253.0
2019-01-18,Pithampur,113.0
2019-01-18,Ujjain,239.0
2019-01-19,Pithampur,128.0
2019-01-19,Ujjain,141.0
2019-01-20,Pithampur,120.0
2019-01-20,Ujjain,143.0
2019-01-21,Pithampur,90.0
2019-01-21,Ujjain,159.0
2019-01-22,Pithampur,110.0
2019-01-22,Ujjain,177.0
2019-01-23,Pithampur,146.0
2019-01-23,Ujjain,154.0
2019-01-24,Pithampur,138.0
2019-01-24,Ujjain,141.0
2019-01-25,Pithampur,139.0
2019-01-25,Ujjain,143.0
2019-01-26,Pithampur,187.0
2019-01-26,Ujjain,223.0
2019-01-27,Pithampur,168.0
2019-01-27,Ujjain,224.0
2019-01-28,Pithampur,99.0
2019-01-28,Ujjain,117.0
2019-01-29,Pithampur,116.0
2019-01-29,Ujjain,119.0
2019-01-30,Pithampur,130.0
2019-01-30,Ujjain,121.0
2019-01-31,Pithampur,118.0
2019-01-31,Ujjain,184.0
2019-02-01,Pithampur,99.0
2019-02-01,Ujjain,159.0
2019-02-02,Pithampur,122.0
2019-02-02,Ujjain,178.0
2019-02-03,Pithampur,148.0
2019-02-03,Ujjain,151.0
2019-02-04,Pithampur,202.0
2019-02-04,Ujjain,186.0
2019-02-05,Pithampur,180.0
2019-02-05,Ujjain,295.0
2019-02-06,Pithampur,128.0
2019-02-06,Ujjain,219.0
2019-02-07,Pithampur,160.0
2019-02-07,Ujjain,179.0
2019-02-08,Pithampur,142.0
2019-02-08,Ujjain,136.0
2019-02-09,Pithampur,180.0
2019-02-09,Ujjain,155.0
2019-02-10,Pithampur,200.0
2019-02-10,Ujjain,175.0
2019-02-11,Pithampur,130.0
2019-02-11,Ujjain,137.0
2019-02-12,Pithampur,116.0
2019-02-12,Ujjain,149.0
2019-02-13,Pithampur,126.0
2019-02-13,Ujjain,145.0
2019-02-14,Pithampur,134.0
2019-02-14,Ujjain,150.0
2019-02-15,Pithampur,139.0
2019-02-15,Ujjain,149.0
2019-02-16,Pithampur,128.0
2019-02-16,Ujjain,127.0
2019-02-17,Pithampur,122.0
2019-02-17,Ujjain,145.0
2019-02-18,Pithampur,116.0
2019-02-18,Ujjain,140.0
2019-02-19,Pithampur,120.0
2019-02-19,Ujjain,119.0
2019-02-20,Pithampur,123.0
2019-02-20,Ujjain,119.0
2019-02-21,Pithampur,124.0
2019-02-21,Ujjain,122.0
2019-02-22,Pithampur,135.0
2019-02-22,Ujjain,156.0
2019-02-23,Pithampur,115.0
2019-02-23,Ujjain,111.0
2019-02-24,Pithampur,100.0
2019-02-24,Ujjain,122.0
2019-02-25,Pithampur,125.0
2019-02-25,Ujjain,120.0
2019-02-26,Pithampur,133.0
2019-02-26,Ujjain,119.0
2019-02-27,Pithampur,152.0
2019-02-27,Ujjain,128.0
2019-02-28,Pithampur,154.0
2019-02-28,Ujjain,125.0
2019-03-01,Pithampur,134.0
2019-03-01,Ujjain,119.0
2019-03-02,Pithampur,114.0
2019-03-02,Ujjain,119.0
2019-03-03,Pithampur,110.0
2019-03-03,Ujjain,138.0
2019-03-04,Pithampur,137.0
2019-03-04,Ujjain,142.0
2019-03-05,Pithampur,166.0
2019-03-05,Ujjain,152.0
2019-03-06,Pithampur,143.0
2019-03-06,Ujjain,137.0
2019-03-07,Pithampur,116.0
2019-03-07,Ujjain,131.0
2019-03-08,Pithampur,115.0
2019-03-08,Ujjain,130.0
2019-03-09,Pithampur,116.0
2019-03-09,Ujjain,135.0
2019-03-10,Pithampur,147.0
2019-03-10,Ujjain,124.0
2019-03-11,Pithampur,140.0
2019-03-11,Ujjain,133.0
2019-03-12,Pithampur,168.0
2019-03-12,Ujjain,131.0
2019-03-13,Pithampur,140.0
2019-03-13,Ujjain,135.0
2019-03-14,Pithampur,132.0
2019-03-14,Ujjain,139.0
2019-03-15,Pithampur,131.0
2019-03-15,Ujjain,131.0
2019-03-16,Pithampur,132.0
2019-03-16,Ujjain,124.0
2019-03-17,Pithampur,123.0
2019-03-17,Ujjain,133.0
2019-03-18,Pithampur,125.0
2019-03-18,Ujjain,139.0
2019-03-19,Pithampur,119.0
2019-03-19,Ujjain,135.0
2019-03-20,Pithampur,118.0
2019-03-20,Ujjain,150.0
2019-03-21,Pithampur,142.0
2019-03-21,Ujjain,150.0
2019-03-22,Pithampur,115.0
2019-03-22,Ujjain,130.0
2019-03-23,Pithampur,85.0
2019-03-23,Ujjain,125.0
2019-03-24,Pithampur,115.0
2019-03-24,Ujjain,126.0
2019-03-25,Pithampur,127.0
2019-03-25,Ujjain,142.0
2019-03-26,Pithampur,145.0
2019-03-26,Ujjain,152.0
2019-03-27,Pithampur,139.0
2019-03-27,Ujjain,131.0
2019-03-28,Pithampur,132.0
2019-03-28,Ujjain,129.0
2019-03-29,Pithampur,134.0
2019-03-29,Ujjain,125.0
2019-03-30,Pithampur,142.0
2019-03-30,Ujjain,154.0
2019-03-31,Pithampur,152.0
2019-03-31,Ujjain,132.0
2019-04-01,Pithampur,155.0
2019-04-01,Ujjain,136.0
2019-04-02,Pithampur,156.0
2019-04-02,Ujjain,140.0
2019-04-03,Pithampur,140.0
2019-04-03,Ujjain,153.0
2019-04-04,Pithampur,147.0
2019-04-04,Ujjain,160.0
2019-04-05,Pithampur,140.0
2019-04-05,Ujjain,188.0
2019-04-06,Pithampur,156.0
2019-04-06,Ujjain,148.0
2019-04-07,Pithampur,143.0
2019-04-07,Ujjain,130.0
2019-04-08,Pithampur,136.0
2019-04-08,Ujjain,132.0
2019-04-09,Pithampur,149.0
2019-04-09,Ujjain,136.0
2019-04-10,Pithampur,130.0
2019-04-10,Ujjain,132.0
2019-04-11,Pithampur,145.0
2019-04-11,Ujjain,122.0
2019-04-12,Pithampur,130.0
2019-04-12,Ujjain,126.0
2019-04-13,Pithampur,123.0
2019-04-13,Ujjain,125.0
2019-04-14,Pithampur,120.0
2019-04-14,Ujjain,146.0
2019-04-15,Pithampur,130.0
2019-04-15,Ujjain,150.0
2019-04-16,Pithampur,155.0
2019-04-16,Ujjain,148.0
2019-04-17,Pithampur,134.0
2019-04-17,Ujjain,165.0
2019-04-18,Pithampur,93.0
2019-04-18,Ujjain,139.0
2019-04-19,Pithampur,118.0
2019-04-19,Ujjain,160.0
2019-04-20,Pithampur,120.0
2019-04-20,Ujjain,166.0
2019-04-21,Pithampur,106.0
2019-04-21,Ujjain,174.0
2019-04-22,Pithampur,104.0
2019-04-22,Ujjain,204.0
2019-04-23,Pithampur,113.0
2019-04-23,Ujjain,173.0
2019-04-24,Pithampur,114.0
2019-04-24,Ujjain,159.0
2019-04-25,Pithampur,122.0
2019-04-25,Ujjain,157.0
2019-04-26,Pithampur,126.0
2019-04-26,Ujjain,148.0
2019-04-27,Pithampur,124.0
2019-04-27,Ujjain,127.0
2019-04-28,Pithampur,124.0
2019-04-28,Ujjain,129.0
2019-04-29,Pithampur,137.0
2019-04-29,Ujjain,144.0
2019-04-30,Pithampur,131.0
2019-04-30,Ujjain,125.0
2019-05-01,Pithampur,150.0
2019-05-01,Ujjain,133.0
2019-05-02,Pithampur,181.0
2019-05-02,Ujjain,159.0
2019-05-03,Pithampur,254.0
2019-05-03,Ujjain,228.0
2019-05-04,Pithampur,183.0
2019-05-04,Ujjain,183.0
2019-05-05,Pithampur,153.0
2019-05-05,Ujjain,153.0
2019-05-06,Pithampur,134.0
2019-05-06,Ujjain,142.0
2019-05-07,Pithampur,127.0
2019-05-07,Ujjain,151.0
2019-05-08,Pithampur,128.0
2019-05-08,Ujjain,138.0
2019-05-09,Pithampur,127.0
2019-05-09,Ujjain,131.0
2019-05-10,Pithampur,114.0
2019-05-10,Ujjain,116.0
2019-05-11,Pithampur,98.0
2019-05-11,Ujjain,104.0
2019-05-12,Pithampur,116.0
2019-05-12,Ujjain,106.0
2019-05-13,Pithampur,189.0
2019-05-13,Ujjain,144.0
2019-05-14,Pithampur,164.0
2019-05-14,Ujjain,130.0
2019-05-15,Pithampur,152.0
2019-05-15,Ujjain,138.0
2019-05-16,Pithampur,144.0
2019-05-16,Ujjain,142.0
2019-05-17,Pithampur,123.0
2019-05-17,Ujjain,113.0
2019-05-18,Pithampur,138.0
2019-05-18,Ujjain,129.0
2019-05-19,Pithampur,157.0
2019-05-19,Ujjain,143.0
2019-05-20,Pithampur,138.0
2019-05-20,Ujjain,125.0
2019-05-21,Pithampur,124.0
2019-05-21,Ujjain,122.0
2019-05-22,Pithampur,49.0
2019-05-22,Ujjain,105.0
2019-05-23,Pithampur,112.0
2019-05-23,Ujjain,101.0
2019-05-24,Pithampur,128.0
2019-05-24,Ujjain,118.0
2019-05-25,Pithampur,149.0
2019-05-25,Ujjain,135.0
2019-05-26,Pithampur,146.0
2019-05-26,Ujjain,142.0
2019-05-27,Pithampur,141.0
2019-05-27,Ujjain,142.0
2019-05-28,Pithampur,136.0
2019-05-28,Ujjain,126.0
2019-05-29,Pithampur,144.0
2019-05-29,Ujjain,128.0
2019-05-30,Pithampur,165.0
2019-05-30,Ujjain,130.0
2019-05-31,Pithampur,169.0
2019-05-31,Ujjain,141.0
2019-06-01,Pithampur,148.0
2019-06-01,Ujjain,134.0
2019-06-02,Pithampur,138.0
2019-06-02,Ujjain,
2019-06-03,Pithampur,146.0
2019-06-03,Ujjain,128.0
2019-06-04,Pithampur,138.0
2019-06-04,Ujjain,133.0
2019-06-05,Pithampur,142.0
2019-06-05,Ujjain,133.0
2019-06-06,Pithampur,154.0
2019-06-06,Ujjain,141.0
2019-06-07,Pithampur,150.0
2019-06-07,Ujjain,136.0
2019-06-08,Pithampur,153.0
2019-06-08,Ujjain,145.0
2019-06-09,Pithampur,155.0
2019-06-09,Ujjain,146.0
2019-06-10,Pithampur,153.0
2019-06-10,Ujjain,158.0
2019-06-11,Pithampur,166.0
2019-06-11,Ujjain,134.0
2019-06-12,Pithampur,119.0
2019-06-12,Ujjain,127.0
2019-06-13,Pithampur,120.0
2019-06-13,Ujjain,142.0
2019-06-14,Pithampur,97.0
2019-06-14,Ujjain,124.0
2019-06-15,Pithampur,93.0
2019-06-15,Ujjain,119.0
2019-06-16,Pithampur,98.0
2019-06-16,Ujjain,96.0
2019-06-17,Pithampur,94.0
2019-06-17,Ujjain,97.0
2019-06-18,Pithampur,88.0
2019-06-18,Ujjain,95.0
2019-06-19,Pithampur,95.0
2019-06-19,Ujjain,93.0
2019-06-20,Pithampur,70.0
2019-06-20,Ujjain,90.0
2019-06-21,Pithampur,100.0
2019-06-21,Ujjain,131.0
2019-06-22,Pithampur,104.0
2019-06-22,Ujjain,133.0
2019-06-23,Pithampur,80.0
2019-06-23,Ujjain,155.0
2019-06-24,Pithampur,81.0
2019-06-24,Ujjain,166.0
2019-06-25,Pithampur,86.0
2019-06-25,Ujjain,186.0
2019-06-26,Pithampur,60.0
2019-06-26,Ujjain,192.0
2019-06-27,Pithampur,80.0
2019-06-27,Ujjain,141.0
2019-06-28,Pithampur,89.0
2019-06-28,Ujjain,105.0
2019-06-29,Pithampur,76.0
2019-06-29,Ujjain,93.0
2019-06-30,Pithampur,66.0
2019-06-30,Ujjain,109.0
2019-07-01,Pithampur,50.0
2019-07-01,Ujjain,108.0
2019-07-02,Pithampur,38.0
2019-07-02,Ujjain,111.0
2019-07-03,Pithampur,64.0
2019-07-03,Ujjain,124.0
2019-07-04,Pithampur,56.0
2019-07-04,Ujjain,128.0
2019-07-05,Pithampur,36.0
2019-07-05,Ujjain,126.0
2019-07-06,Pithampur,33.0
2019-07-06,Ujjain,89.0
2019-07-07,Pithampur,28.0
2019-07-07,Ujjain,72.0
2019-07-08,Pithampur,35.0
2019-07-08,Ujjain,92.0
2019-07-09,Pithampur,58.0
2019-07-09,Ujjain,73.0
2019-07-10,Pithampur,63.0
2019-07-10,Ujjain,76.0
2019-07-11,Pithampur,58.0
2019-07-11,Ujjain,74.0
2019-07-12,Pithampur,84.0
2019-07-12,Ujjain,82.0
2019-07-13,Pithampur,74.0
2019-07-13,Ujjain,76.0
2019-07-14,Pithampur,73.0
2019-07-14,Ujjain,74.0
2019-07-15,Pithampur,68.0
2019-07-15,Ujjain,76.0
2019-07-16,Pithampur,81.0
2019-07-16,Ujjain,82.0
2019-07-17,Pithampur,90.0
2019-07-17,Ujjain,82.0
2019-07-18,Pithampur,89.0
2019-07-18,Ujjain,75.0
2019-07-19,Pithampur,90.0
2019-07-19,Ujjain,82.0
2019-07-20,Pithampur,90.0
2019-07-20,Ujjain,85.0
2019-07-21,Pithampur,78.0
2019-07-21,Ujjain,101.0
2019-07-22,Pithampur,65.0
2019-07-22,Ujjain,109.0
2019-07-23,Pithampur,66.0
2019-07-23,Ujjain,87.0
2019-07-24,Pithampur,42.0
2019-07-24,Ujjain,98.0
2019-07-25,Pithampur,66.0
2019-07-25,Ujjain,100.0
2019-07-26,Pithampur,50.0
2019-07-26,Ujjain,70.0
2019-07-27,Pithampur,49.0
2019-07-27,Ujjain,58.0
2019-07-28,Pithampur,63.0
2019-07-28,Ujjain,61.0
2019-07-29,Pithampur,69.0
2019-07-29,Ujjain,54.0
2019-07-30,Pithampur,57.0
2019-07-30,Ujjain,48.0
2019-07-31,Pithampur,36.0
2019-07-31,Ujjain,58.0
2019-08-01,Pithampur,22.0
2019-08-01,Ujjain,47.0
2019-08-02,Pithampur,19.0
2019-08-02,Ujjain,35.0
2019-08-03,Pithampur,39.0
2019-08-03,Ujjain,43.0
2019-08-04,Pithampur,43.0
2019-08-04,Ujjain,46.0
2019-08-05,Pithampur,30.0
2019-08-05,Ujjain,64.0
2019-08-06,Pithampur,35.0
2019-08-06,Ujjain,52.0
2019-08-07,Pithampur,56.0
2019-08-07,Ujjain,52.0
2019-08-08,Pithampur,57.0
2019-08-08,Ujjain,58.0
2019-08-09,Pithampur,46.0
2019-08-09,Ujjain,52.0
2019-08-10,Pithampur,29.0
2019-08-10,Ujjain,52.0
2019-08-11,Pithampur,23.0
2019-08-11,Ujjain,46.0
2019-08-12,Pithampur,39.0
2019-08-12,Ujjain,48.0
2019-08-13,Pithampur,66.0
2019-08-13,Ujjain,55.0
2019-08-14,Pithampur,108.0
2019-08-14,Ujjain,82.0
2019-08-15,Pithampur,86.0
2019-08-15,Ujjain,53.0
2019-08-16,Pithampur,54.0
2019-08-16,Ujjain,54.0
2019-08-17,Pithampur,32.0
2019-08-17,Ujjain,49.0
2019-08-18,Pithampur,33.0
2019-08-18,Ujjain,47.0
2019-08-19,Pithampur,55.0
2019-08-19,Ujjain,52.0
2019-08-20,Pithampur,70.0
2019-08-20,Ujjain,55.0
2019-08-21,Pithampur,77.0
2019-08-21,Ujjain,60.0
2019-08-22,Pithampur,90.0
2019-08-22,Ujjain,74.0
2019-08-23,Pithampur,99.0
2019-08-23,Ujjain,74.0
2019-08-24,Pithampur,100.0
2019-08-24,Ujjain,72.0
2019-08-25,Pithampur,100.0
2019-08-25,Ujjain,70.0
2019-08-26,Pithampur,61.0
2019-08-26,Ujjain,72.0
2019-08-27,Pithampur,42.0
2019-08-27,Ujjain,66.0
2019-08-28,Pithampur,29.0
2019-08-28,Ujjain,54.0
2019-08-29,Pithampur,29.0
2019-08-29,Ujjain,49.0
2019-08-30,Pithampur,51.0
2019-08-30,Ujjain,50.0
2019-08-31,Pithampur,71.0
2019-08-31,Ujjain,57.0
2019-09-01,Pithampur,72.0
2019-09-01,Ujjain,61.0
2019-09-02,Pithampur,60.0
2019-09-02,Ujjain,66.0
2019-09-03,Pithampur,48.0
2019-09-03,Ujjain,52.0
2019-09-04,Pithampur,52.0
2019-09-04,Ujjain,57.0
2019-09-05,Pithampur,62.0
2019-09-05,Ujjain,65.0
2019-09-06,Pithampur,64.0
2019-09-06,Ujjain,60.0
2019-09-07,Pithampur,47.0
2019-09-07,Ujjain,64.0
2019-09-08,Pithampur,42.0
2019-09-08,Ujjain,57.0
2019-09-09,Pithampur,44.0
2019-09-09,Ujjain,55.0
2019-09-10,Pithampur,33.0
2019-09-10,Ujjain,55.0
2019-09-11,Pithampur,34.0
2019-09-11,Ujjain,71.0
2019-09-12,Pithampur,51.0
2019-09-12,Ujjain,56.0
2019-09-13,Pithampur,53.0
2019-09-13,Ujjain,71.0
2019-09-14,Pithampur,39.0
2019-09-14,Ujjain,84.0
2019-09-15,Pithampur,35.0
2019-09-15,Ujjain,71.0
2019-09-16,Pithampur,37.0
2019-09-16,Ujjain,69.0
2019-09-17,Pithampur,56.0
2019-09-17,Ujjain,50.0
2019-09-18,Pithampur,63.0
2019-09-18,Ujjain,81.0
2019-09-19,Pithampur,72.0
2019-09-19,Ujjain,104.0
2019-09-20,Pithampur,64.0
2019-09-20,Ujjain,64.0
2019-09-21,Pithampur,69.0
2019-09-21,Ujjain,50.0
2019-09-22,Pithampur,44.0
2019-09-22,Ujjain,67.0
2019-09-23,Pithampur,45.0
2019-09-23,Ujjain,73.0
2019-09-24,Pithampur,69.0
2019-09-24,Ujjain,67.0
2019-09-25,Pithampur,67.0
2019-09-25,Ujjain,67.0
2019-09-26,Pithampur,74.0
2019-09-26,Ujjain,67.0
2019-09-27,Pithampur,70.0
2019-09-27,Ujjain,84.0
2019-09-28,Pithampur,57.0
2019-09-28,Ujjain,66.0
2019-09-29,Pithampur,30.0
2019-09-29,Ujjain,48.0
2019-09-30,Pithampur,35.0
2019-09-30,Ujjain,47.0
2019-10-01,Pithampur,40.0
2019-10-01,Ujjain,55.0
2019-10-02,Pithampur,32.0
2019-10-02,Ujjain,62.0
2019-10-03,Pithampur,55.0
2019-10-03,Ujjain,83.0
2019-10-04,Pithampur,70.0
2019-10-04,Ujjain,86.0
2019-10-05,Pithampur,88.0
2019-10-05,Ujjain,91.0
2019-10-06,Pithampur,93.0
2019-10-06,Ujjain,87.0
2019-10-07,Pithampur,83.0
2019-10-07,Ujjain,86.0
2019-10-08,Pithampur,77.0
2019-10-08,Ujjain,93.0
2019-10-09,Pithampur,87.0
2019-10-09,Ujjain,105.0
2019-10-10,Pithampur,116.0
2019-10-10,Ujjain,127.0
2019-10-11,Pithampur,137.0
2019-10-11,Ujjain,120.0
2019-10-12,Pithampur,102.0
2019-10-12,Ujjain,112.0
2019-10-13,Pithampur,129.0
2019-10-13,Ujjain,114.0
2019-10-14,Pithampur,121.0
2019-10-14,Ujjain,112.0
2019-10-15,Pithampur,127.0
2019-10-15,Ujjain,145.0
2019-10-16,Pithampur,160.0
2019-10-16,Ujjain,139.0
2019-10-17,Pithampur,147.0
2019-10-17,Ujjain,135.0
2019-10-18,Pithampur,154.0
2019-10-18,Ujjain,145.0
2019-10-19,Pithampur,124.0
2019-10-19,Ujjain,140.0
2019-10-20,Pithampur,137.0
2019-10-20,Ujjain,148.0
2019-10-21,Pithampur,116.0
2019-10-21,Ujjain,217.0
2019-10-22,Pithampur,187.0
2019-10-22,Ujjain,192.0
2019-10-23,Pithampur,100.0
2019-10-23,Ujjain,115.0
2019-10-24,Pithampur,89.0
2019-10-24,Ujjain,108.0
2019-10-25,Pithampur,94.0
2019-10-25,Ujjain,130.0
2019-10-26,Pithampur,130.0
2019-10-26,Ujjain,140.0
2019-10-27,Pithampur,119.0
2019-10-27,Ujjain,113.0
2019-10-28,Pithampur,67.0
2019-10-28,Ujjain,83.0
2019-10-29,Pithampur,53.0
2019-10-29,Ujjain,98.0
2019-10-30,Pithampur,30.0
2019-10-30,Ujjain,71.0
2019-10-31,Pithampur,57.0
2019-10-31,Ujjain,73.0
2019-11-01,Pithampur,69.0
2019-11-01,Ujjain,109.0
2019-11-02,Pithampur,93.0
2019-11-02,Ujjain,120.0
2019-11-03,Pithampur,94.0
2019-11-03,Ujjain,110.0
2019-11-04,Pithampur,61.0
2019-11-04,Ujjain,69.0
2019-11-05,Pithampur,76.0
2019-11-05,Ujjain,80.0
2019-11-06,Pithampur,80.0
2019-11-06,Ujjain,108.0
2019-11-07,Pithampur,107.0
2019-11-07,Ujjain,114.0
2019-11-08,Pithampur,106.0
2019-11-08,Ujjain,105.0
2019-11-09,Pithampur,90.0
2019-11-09,Ujjain,95.0
2019-11-10,Pithampur,94.0
2019-11-10,Ujjain,140.0
2019-11-11,Pithampur,191.0
2019-11-11,Ujjain,161.0
2019-11-12,Pithampur,152.0
2019-11-12,Ujjain,138.0
2019-11-13,Pithampur,128.0
2019-11-13,Ujjain,143.0
2019-11-14,Pithampur,112.0
2019-11-14,Ujjain,146.0
2019-11-15,Pithampur,135.0
2019-11-15,Ujjain,155.0
2019-11-16,Pithampur,129.0
2019-11-16,Ujjain,151.0
2019-11-17,Pithampur,136.0
2019-11-17,Ujjain,160.0
2019-11-18,Pithampur,203.0
2019-11-18,Ujjain,183.0
2019-11-19,Pithampur,130.0
2019-11-19,Ujjain,155.0
2019-11-20,Pithampur,123.0
2019-11-20,Ujjain,150.0
2019-11-21,Pithampur,158.0
2019-11-21,Ujjain,150.0
2019-11-22,Pithampur,134.0
2019-11-22,Ujjain,154.0
2019-11-23,Pithampur,122.0
2019-11-23,Ujjain,160.0
2019-11-24,Pithampur,129.0
2019-11-24,Ujjain,165.0
2019-11-25,Pithampur,158.0
2019-11-25,Ujjain,184.0
2019-11-26,Pithampur,193.0
2019-11-26,Ujjain,164.0
2019-11-27,Pithampur,181.0
2019-11-27,Ujjain,155.0
2019-11-28,Pithampur,152.0
2019-11-28,Ujjain,129.0
2019-11-29,Pithampur,130.0
2019-11-29,Ujjain,133.0
2019-11-30,Pithampur,114.0
2019-11-30,Ujjain,126.0
2019-12-01,Pithampur,125.0
2019-12-01,Ujjain,124.0
2019-12-02,Pithampur,132.0
2019-12-02,Ujjain,166.0
2019-12-03,Pithampur,214.0
2019-12-03,Ujjain,204.0
2019-12-04,Pithampur,251.0
2019-12-04,Ujjain,149.0
2019-12-05,Pithampur,140.0
2019-12-05,Ujjain,115.0
2019-12-06,Pithampur,113.0
2019-12-06,Ujjain,112.0
2019-12-07,Pithampur,113.0
2019-12-07,Ujjain,129.0
2019-12-08,Pithampur,156.0
2019-12-08,Ujjain,152.0
2019-12-09,Pithampur,269.0
2019-12-09,Ujjain,221.0
2019-12-10,Pithampur,275.0
2019-12-10,Ujjain,256.0
2019-12-11,Pithampur,250.0
2019-12-11,Ujjain,229.0
2019-12-12,Pithampur,237.0
2019-12-12,Ujjain,228.0
2019-12-13,Pithampur,200.0
2019-12-13,Ujjain,196.0
2019-12-14,Pithampur,157.0
2019-12-14,Ujjain,90.0
2019-12-15,Pithampur,90.0
2019-12-15,Ujjain,87.0
2019-12-16,Pithampur,104.0
2019-12-16,Ujjain,129.0
2019-12-17,Pithampur,135.0
2019-12-17,Ujjain,170.0
2019-12-18,Pithampur,162.0
2019-12-18,Ujjain,181.0
2019-12-19,Pithampur,172.0
2019-12-19,Ujjain,215.0
2019-12-20,Pithampur,185.0
2019-12-20,Ujjain,191.0
2019-12-21,Pithampur,160.0
2019-12-21,Ujjain,209.0
2019-12-22,Pithampur,165.0
2019-12-22,Ujjain,200.0
2019-12-23,Pithampur,154.0
2019-12-23,Ujjain,130.0
2019-12-24,Pithampur,137.0
2019-12-24,Ujjain,110.0
2019-12-25,Pithampur,144.0
2019-12-25,Ujjain,99.0
2019-12-26,Pithampur,220.0
2019-12-26,Ujjain,130.0
2019-12-27,Pithampur,264.0
2019-12-27,Ujjain,154.0
2019-12-28,Pithampur,135.0
2019-12-28,Ujjain,87.0
2019-12-29,Pithampur,107.0
2019-12-29,Ujjain,97.0
2019-12-30,Pithampur,95.0
2019-12-30,Ujjain,91.0
2019-12-31,Pithampur,103.0
2019-12-31,Ujjain,110.0
2020-01-01,Pithampur,114.0
2020-01-01,Ujjain,171.0
2020-01-02,Pithampur,189.0
2020-01-02,Ujjain,295.0
2020-01-03,Pithampur,214.0
2020-01-03,Ujjain,254.0
2020-01-04,Pithampur,136.0
2020-01-04,Ujjain,157.0
2020-01-05,Pithampur,281.0
2020-01-05,Ujjain,294.0
2020-01-06,Pithampur,163.0
2020-01-06,Ujjain,158.0
2020-01-07,Pithampur,96.0
2020-01-07,Ujjain,101.0
2020-01-08,Pithampur,96.0
2020-01-08,Ujjain,122.0
2020-01-09,Pithampur,108.0
2020-01-09,Ujjain,114.0
2020-01-10,Pithampur,127.0
2020-01-10,Ujjain,159.0
2020-01-11,Pithampur,116.0
2020-01-11,Ujjain,100.0
2020-01-12,Pithampur,108.0
2020-01-12,Ujjain,125.0
2020-01-13,Pithampur,112.0
2020-01-13,Ujjain,112.0
2020-01-14,Pithampur,111.0
2020-01-14,Ujjain,114.0
2020-01-15,Pithampur,113.0
2020-01-15,Ujjain,148.0
2020-01-16,Pithampur,124.0
2020-01-16,Ujjain,124.0
2020-01-17,Pithampur,122.0
2020-01-17,Ujjain,196.0
2020-01-18,Pithampur,130.0
2020-01-18,Ujjain,121.0
2020-01-19,Pithampur,198.0
2020-01-19,Ujjain,161.0
2020-01-20,Pithampur,126.0
2020-01-20,Ujjain,122.0
2020-01-21,Pithampur,103.0
2020-01-21,Ujjain,103.0
2020-01-22,Pithampur,125.0
2020-01-22,Ujjain,121.0
2020-01-23,Pithampur,166.0
2020-01-23,Ujjain,147.0
2020-01-24,Pithampur,150.0
2020-01-24,Ujjain,102.0
2020-01-25,Pithampur,117.0
2020-01-25,Ujjain,107.0
2020-01-26,Pithampur,129.0
2020-01-26,Ujjain,155.0
2020-01-27,Pithampur,110.0
2020-01-27,Ujjain,217.0
2020-01-28,Pithampur,96.0
2020-01-28,Ujjain,130.0
2020-01-29,Pithampur,127.0
2020-01-29,Ujjain,104.0
2020-01-30,Pithampur,134.0
2020-01-30,Ujjain,107.0
2020-01-31,Pithampur,121.0
2020-01-31,Ujjain,107.0
2020-02-01,Pithampur,110.0
2020-02-01,Ujjain,104.0
2020-02-02,Pithampur,120.0
2020-02-02,Ujjain,102.0
2020-02-03,Pithampur,108.0
2020-02-03,Ujjain,
2020-02-04,Pithampur,95.0
2020-02-04,Ujjain,
2020-02-05,Pithampur,115.0
2020-02-05,Ujjain,
2020-02-06,Pithampur,117.0
2020-02-06,Ujjain,
2020-02-07,Pithampur,126.0
2020-02-07,Ujjain,110.0
2020-02-08,Pithampur,124.0
2020-02-08,Ujjain,108.0
2020-02-09,Pithampur,119.0
2020-02-09,Ujjain,103.0
2020-02-10,Pithampur,111.0
2020-02-10,Ujjain,104.0
2020-02-11,Pithampur,96.0
2020-02-11,Ujjain,117.0
2020-02-12,Pithampur,119.0
2020-02-12,Ujjain,129.0
2020-02-13,Pithampur,127.0
2020-02-13,Ujjain,111.0
2020-02-14,Pithampur,124.0
2020-02-14,Ujjain,131.0
2020-02-15,Pithampur,114.0
2020-02-15,Ujjain,160.0
2020-02-16,Pithampur,119.0
2020-02-16,Ujjain,175.0
2020-02-17,Pithampur,116.0
2020-02-17,Ujjain,124.0
2020-02-18,Pithampur,99.0
2020-02-18,Ujjain,120.0
2020-02-19,Pithampur,101.0
2020-02-19,Ujjain,135.0
2020-02-20,Pithampur,86.0
2020-02-20,Ujjain,143.0
2020-02-21,Pithampur,114.0
2020-02-21,Ujjain,164.0
2020-02-22,Pithampur,139.0
2020-02-22,Ujjain,149.0
2020-02-23,Pithampur,136.0
2020-02-23,Ujjain,148.0
2020-02-24,Pithampur,134.0
2020-02-24,Ujjain,136.0
2020-02-25,Pithampur,120.0
2020-02-25,Ujjain,145.0
2020-02-26,Pithampur,114.0
2020-02-26,Ujjain,136.0
2020-02-27,Pithampur,122.0
2020-02-27,Ujjain,144.0
2020-02-28,Pithampur,126.0
2020-02-28,Ujjain,133.0
2020-02-29,Pithampur,130.0
2020-02-29,Ujjain,155.0
2020-03-01,Pithampur,118.0
2020-03-01,Ujjain,148.0
2020-03-02,Pithampur,127.0
2020-03-02,Ujjain,164.0
2020-03-03,Pithampur,114.0
2020-03-03,Ujjain,160.0
2020-03-04,Pithampur,128.0
2020-03-04,Ujjain,126.0
2020-03-05,Pithampur,142.0
2020-03-05,Ujjain,120.0
2020-03-06,Pithampur,133.0
2020-03-06,Ujjain,110.0
2020-03-07,Pithampur,145.0
2020-03-07,Ujjain,121.0
2020-03-08,Pithampur,133.0
2020-03-08,Ujjain,129.0
2020-03-09,Pithampur,124.0
2020-03-09,Ujjain,114.0
2020-03-10,Pithampur,112.0
2020-03-10,Ujjain,113.0
2020-03-11,Pithampur,113.0
2020-03-11,Ujjain,109.0
2020-03-12,Pithampur,112.0
2020-03-12,Ujjain,116.0
2020-03-13,Pithampur,110.0
2020-03-13,Ujjain,111.0
2020-03-14,Pithampur,111.0
2020-03-14,Ujjain,115.0
2020-03-15,Pithampur,128.0
2020-03-15,Ujjain,128.0
2020-03-16,Pithampur,136.0
2020-03-16,Ujjain,135.0
2020-03-17,Pithampur,121.0
2020-03-17,Ujjain,139.0
2020-03-18,Pithampur,122.0
2020-03-18,Ujjain,137.0
2020-03-19,Pithampur,124.0
2020-03-19,Ujjain,145.0
2020-03-20,Pithampur,121.0
2020-03-20,Ujjain,146.0
2020-03-21,Pithampur,131.0
2020-03-21,Ujjain,133.0
2020-03-22,Pithampur,123.0
2020-03-22,Ujjain,112.0
2020-03-23,Pithampur,124.0
2020-03-23,Ujjain,115.0
2020-03-24,Pithampur,112.0
2020-03-24,Ujjain,118.0
2020-03-25,Pithampur,115.0
2020-03-25,Ujjain,120.0
2020-03-26,Pithampur,105.0
2020-03-26,Ujjain,107.0
2020-03-27,Pithampur,108.0
2020-03-27,Ujjain,107.0
2020-03-28,Pithampur,61.0
2020-03-28,Ujjain,87.0
2020-03-29,Pithampur,73.0
2020-03-29,Ujjain,91.0
2020-03-30,Pithampur,65.0
2020-03-30,Ujjain,94.0
2020-03-31,Pithampur,61.0
2020-03-31,Ujjain,85.0
2020-04-01,Pithampur,66.0
2020-04-01,Ujjain,85.0
2020-04-02,Pithampur,80.0
2020-04-02,Ujjain,85.0
2020-04-03,Pithampur,93.0
2020-04-03,Ujjain,97.0
2020-04-04,Pithampur,84.0
2020-04-04,Ujjain,98.0
2020-04-05,Pithampur,82.0
2020-04-05,Ujjain,98.0
2020-04-06,Pithampur,81.0
2020-04-06,Ujjain,98.0
2020-04-07,Pithampur,106.0
2020-04-07,Ujjain,129.0
2020-04-08,Pithampur,113.0
2020-04-08,Ujjain,109.0
2020-04-09,Pithampur,110.0
2020-04-09,Ujjain,105.0
2020-04-10,Pithampur,124.0
2020-04-10,Ujjain,117.0
2020-04-11,Pithampur,124.0
2020-04-11,Ujjain,126.0
2020-04-12,Pithampur,139.0
2020-04-12,Ujjain,190.0
2020-04-13,Pithampur,140.0
2020-04-13,Ujjain,146.0
2020-04-14,Pithampur,135.0
2020-04-14,Ujjain,128.0
2020-04-15,Pithampur,130.0
2020-04-15,Ujjain,191.0
2020-04-16,Pithampur,134.0
2020-04-16,Ujjain,229.0
2020-04-17,Pithampur,118.0
2020-04-17,Ujjain,148.0
2020-04-18,Pithampur,112.0
2020-04-18,Ujjain,109.0
2020-04-19,Pithampur,111.0
2020-04-19,Ujjain,114.0
2020-04-20,Pithampur,109.0
2020-04-20,Ujjain,118.0
2020-04-21,Pithampur,106.0
2020-04-21,Ujjain,139.0
2020-04-22,Pithampur,113.0
2020-04-22,Ujjain,166.0
2020-04-23,Pithampur,126.0
2020-04-23,Ujjain,200.0
2020-04-24,Pithampur,117.0
2020-04-24,Ujjain,193.0
2020-04-25,Pithampur,99.0
2020-04-25,Ujjain,113.0
2020-04-26,Pithampur,110.0
2020-04-26,Ujjain,108.0
2020-04-27,Pithampur,123.0
2020-04-27,Ujjain,129.0
2020-04-28,Pithampur,111.0
2020-04-28,Ujjain,121.0
2020-04-29,Pithampur,94.0
2020-04-29,Ujjain,136.0
2020-04-30,Pithampur,87.0
2020-04-30,Ujjain,132.0
2020-05-01,Pithampur,107.0
2020-05-01,Ujjain,147.0
2020-05-02,Pithampur,118.0
2020-05-02,Ujjain,128.0
2020-05-03,Pithampur,110.0
2020-05-03,Ujjain,123.0
2020-05-04,Pithampur,109.0
2020-05-04,Ujjain,98.0
2020-05-05,Pithampur,124.0
2020-05-05,Ujjain,102.0
2020-05-06,Pithampur,111.0
2020-05-06,Ujjain,96.0
2020-05-07,Pithampur,137.0
2020-05-07,Ujjain,105.0
2020-05-08,Pithampur,105.0
2020-05-08,Ujjain,109.0
2020-05-09,Pithampur,116.0
2020-05-09,Ujjain,117.0
2020-05-10,Pithampur,116.0
2020-05-10,Ujjain,106.0
2020-05-11,Pithampur,102.0
2020-05-11,Ujjain,135.0
2020-05-12,Pithampur,97.0
2020-05-12,Ujjain,102.0
2020-05-13,Pithampur,92.0
2020-05-13,Ujjain,90.0
2020-05-14,Pithampur,107.0
2020-05-14,Ujjain,116.0
2020-05-15,Pithampur,101.0
2020-05-15,Ujjain,92.0
2020-05-16,Pithampur,109.0
2020-05-16,Ujjain,106.0
2020-05-17,Pithampur,125.0
2020-05-17,Ujjain,125.0
2020-05-18,Pithampur,120.0
2020-05-18,Ujjain,88.0
2020-05-19,Pithampur,143.0
2020-05-19,Ujjain,109.0
2020-05-20,Pithampur,173.0
2020-05-20,Ujjain,137.0
2020-05-21,Pithampur,139.0
2020-05-21,Ujjain,107.0
2020-05-22,Pithampur,129.0
2020-05-22,Ujjain,100.0
2020-05-23,Pithampur,131.0
2020-05-23,Ujjain,104.0
2020-05-24,Pithampur,128.0
2020-05-24,Ujjain,106.0
2020-05-25,Pithampur,121.0
2020-05-25,Ujjain,116.0
2020-05-26,Pithampur,114.0
2020-05-26,Ujjain,102.0
2020-05-27,Pithampur,108.0
2020-05-27,Ujjain,110.0
2020-05-28,Pithampur,115.0
2020-05-28,Ujjain,93.0
2020-05-29,Pithampur,110.0
2020-05-29,Ujjain,93.0
2020-05-30,Pithampur,100.0
2020-05-30,Ujjain,90.0
2020-05-31,Pithampur,102.0
2020-05-31,Ujjain,96.0
2020-06-01,Pithampur,123.0
2020-06-01,Ujjain,115.0
2020-06-02,Pithampur,129.0
2020-06-02,Ujjain,112.0
2020-06-03,Pithampur,86.0
2020-06-03,Ujjain,79.0
2020-06-04,Pithampur,57.0
2020-06-04,Ujjain,73.0
2020-06-05,Pithampur,35.0
2020-06-05,Ujjain,82.0
2020-06-06,Pithampur,52.0
2020-06-06,Ujjain,80.0
2020-06-07,Pithampur,60.0
2020-06-07,Ujjain,111.0
2020-06-08,Pithampur,67.0
2020-06-08,Ujjain,99.0
2020-06-09,Pithampur,66.0
2020-06-09,Ujjain,83.0
2020-06-10,Pithampur,63.0
2020-06-10,Ujjain,91.0
2020-06-11,Pithampur,70.0
2020-06-11,Ujjain,103.0
2020-06-12,Pithampur,60.0
2020-06-12,Ujjain,107.0
2020-06-13,Pithampur,53.0
2020-06-13,Ujjain,115.0
2020-06-14,Pithampur,58.0
2020-06-14,Ujjain,93.0
2020-06-15,Pithampur,54.0
2020-06-15,Ujjain,106.0
2020-06-16,Pithampur,46.0
2020-06-16,Ujjain,106.0
2020-06-17,Pithampur,56.0
2020-06-17,Ujjain,85.0
2020-06-18,Pithampur,59.0
2020-06-18,Ujjain,80.0
2020-06-19,Pithampur,46.0
2020-06-19,Ujjain,93.0
2020-06-20,Pithampur,50.0
2020-06-20,Ujjain,85.0
2020-06-21,Pithampur,54.0
2020-06-21,Ujjain,93.0
2020-06-22,Pithampur,79.0
2020-06-22,Ujjain,77.0
2020-06-23,Pithampur,68.0
2020-06-23,Ujjain,78.0
2020-06-24,Pithampur,65.0
2020-06-24,Ujjain,73.0
2020-06-25,Pithampur,51.0
2020-06-25,Ujjain,86.0
2020-06-26,Pithampur,45.0
2020-06-26,Ujjain,75.0
2020-06-27,Pithampur,54.0
2020-06-27,Ujjain,71.0
2020-06-28,Pithampur,42.0
2020-06-28,Ujjain,90.0
2020-06-29,Pithampur,41.0
2020-06-29,Ujjain,76.0
2020-06-30,Pithampur,63.0
2020-06-30,Ujjain,73.0
2020-07-01,Pithampur,53.0
2020-07-01,Ujjain,134.0
2020-07-02,Pithampur,57.0
2020-07-02,Ujjain,106.0
2020-07-03,Pithampur,49.0
2020-07-03,Ujjain,82.0
2020-07-04,Pithampur,44.0
2020-07-04,Ujjain,75.0
2020-07-05,Pithampur,60.0
2020-07-05,Ujjain,104.0
2020-07-06,Pithampur,42.0
2020-07-06,Ujjain,85.0
2020-07-07,Pithampur,28.0
2020-07-07,Ujjain,58.0
2020-07-08,Pithampur,37.0
2020-07-08,Ujjain,61.0
2020-07-09,Pithampur,34.0
2020-07-09,Ujjain,84.0
2020-07-10,Pithampur,52.0
2020-07-10,Ujjain,71.0
2020-07-11,Pithampur,64.0
2020-07-11,Ujjain,65.0
2020-07-12,Pithampur,56.0
2020-07-12,Ujjain,61.0
2020-07-13,Pithampur,45.0
2020-07-13,Ujjain,55.0
2020-07-14,Pithampur,51.0
2020-07-14,Ujjain,54.0
2020-07-15,Pithampur,75.0
2020-07-15,Ujjain,65.0
2020-07-16,Pithampur,65.0
2020-07-16,Ujjain,75.0
2020-07-17,Pithampur,57.0
2020-07-17,Ujjain,95.0
2020-07-18,Pithampur,62.0
2020-07-18,Ujjain,76.0
2020-07-19,Pithampur,52.0
2020-07-19,Ujjain,65.0
2020-07-20,Pithampur,57.0
2020-07-20,Ujjain,58.0
2020-07-21,Pithampur,50.0
2020-07-21,Ujjain,59.0
2020-07-22,Pithampur,62.0
2020-07-22,Ujjain,58.0
2020-07-23,Pithampur,64.0
2020-07-23,Ujjain,62.0
2020-07-24,Pithampur,55.0
2020-07-24,Ujjain,64.0
2020-07-25,Pithampur,53.0
2020-07-25,Ujjain,75.0
2020-07-26,Pithampur,58.0
2020-07-26,Ujjain,68.0
2020-07-27,Pithampur,46.0
2020-07-27,Ujjain,59.0
2020-07-28,Pithampur,41.0
2020-07-28,Ujjain,58.0
2020-07-29,Pithampur,
2020-07-29,Ujjain,67.0
2020-07-30,Pithampur,62.0
2020-07-30,Ujjain,62.0
2020-07-31,Pithampur,54.0
2020-07-31,Ujjain,65.0
2020-08-01,Pithampur,42.0
2020-08-01,Ujjain,54.0
2020-08-02,Pithampur,42.0
2020-08-02,Ujjain,67.0
2020-08-03,Pithampur,43.0
2020-08-03,Ujjain,83.0
2020-08-04,Pithampur,40.0
2020-08-04,Ujjain,71.0
2020-08-05,Pithampur,36.0
2020-08-05,Ujjain,66.0
2020-08-06,Pithampur,40.0
2020-08-06,Ujjain,76.0
2020-08-07,Pithampur,34.0
2020-08-07,Ujjain,87.0
2020-08-08,Pithampur,24.0
2020-08-08,Ujjain,54.0
2020-08-09,Pithampur,29.0
2020-08-09,Ujjain,48.0
2020-08-10,Pithampur,36.0
2020-08-10,Ujjain,52.0
2020-08-11,Pithampur,42.0
2020-08-11,Ujjain,48.0
2020-08-12,Pithampur,53.0
2020-08-12,Ujjain,61.0
2020-08-13,Pithampur,33.0
2020-08-13,Ujjain,50.0
2020-08-14,Pithampur,21.0
2020-08-14,Ujjain,47.0
2020-08-15,Pithampur,20.0
2020-08-15,Ujjain,47.0
2020-08-16,Pithampur,19.0
2020-08-16,Ujjain,40.0
2020-08-17,Pithampur,19.0
2020-08-17,Ujjain,38.0
2020-08-18,Pithampur,27.0
2020-08-18,Ujjain,39.0
2020-08-19,Pithampur,31.0
2020-08-19,Ujjain,42.0
2020-08-20,Pithampur,39.0
2020-08-20,Ujjain,40.0
2020-08-21,Pithampur,43.0
2020-08-21,Ujjain,39.0
2020-08-22,Pithampur,44.0
2020-08-22,Ujjain,33.0
2020-08-23,Pithampur,26.0
2020-08-23,Ujjain,29.0
2020-08-24,Pithampur,20.0
2020-08-24,Ujjain,25.0
2020-08-25,Pithampur,22.0
2020-08-25,Ujjain,30.0
2020-08-26,Pithampur,28.0
2020-08-26,Ujjain,45.0
2020-08-27,Pithampur,40.0
2020-08-27,Ujjain,59.0
2020-08-28,Pithampur,65.0
2020-08-28,Ujjain,69.0
2020-08-29,Pithampur,55.0
2020-08-29,Ujjain,51.0
2020-08-30,Pithampur,52.0
2020-08-30,Ujjain,45.0
2020-08-31,Pithampur,27.0
2020-08-31,Ujjain,43.0
2020-09-01,Pithampur,27.0
2020-09-01,Ujjain,42.0
2020-09-02,Pithampur,45.0
2020-09-02,Ujjain,61.0
2020-09-03,Pithampur,94.0
2020-09-03,Ujjain,81.0
2020-09-04,Pithampur,74.0
2020-09-04,Ujjain,72.0
2020-09-05,Pithampur,81.0
2020-09-05,Ujjain,85.0
2020-09-06,Pithampur,97.0
2020-09-06,Ujjain,92.0
2020-09-07,Pithampur,112.0
2020-09-07,Ujjain,105.0
2020-09-08,Pithampur,97.0
2020-09-08,Ujjain,91.0
2020-09-09,Pithampur,92.0
2020-09-09,Ujjain,77.0
2020-09-10,Pithampur,95.0
2020-09-10,Ujjain,81.0
2020-09-11,Pithampur,83.0
2020-09-11,Ujjain,76.0
2020-09-12,Pithampur,57.0
2020-09-12,Ujjain,62.0
2020-09-13,Pithampur,63.0
2020-09-13,Ujjain,52.0
2020-09-14,Pithampur,79.0
2020-09-14,Ujjain,60.0
2020-09-15,Pithampur,55.0
2020-09-15,Ujjain,61.0
2020-09-16,Pithampur,53.0
2020-09-16,Ujjain,101.0
2020-09-17,Pithampur,67.0
2020-09-17,Ujjain,132.0
2020-09-18,Pithampur,65.0
2020-09-18,Ujjain,150.0
2020-09-19,Pithampur,54.0
2020-09-19,Ujjain,130.0
2020-09-20,Pithampur,58.0
2020-09-20,Ujjain,109.0
2020-09-21,Pithampur,58.0
2020-09-21,Ujjain,131.0
2020-09-22,Pithampur,58.0
2020-09-22,Ujjain,106.0
2020-09-23,Pithampur,60.0
2020-09-23,Ujjain,89.0
2020-09-24,Pithampur,43.0
2020-09-24,Ujjain,76.0
2020-09-25,Pithampur,54.0
2020-09-25,Ujjain,97.0
2020-09-26,Pithampur,79.0
2020-09-26,Ujjain,115.0
2020-09-27,Pithampur,75.0
2020-09-27,Ujjain,112.0
2020-09-28,Pithampur,70.0
2020-09-28,Ujjain,109.0
2020-09-29,Pithampur,73.0
2020-09-29,Ujjain,121.0
2020-09-30,Pithampur,95.0
2020-09-30,Ujjain,112.0
2020-10-01,Pithampur,89.0
2020-10-01,Ujjain,106.0
2020-10-02,Pithampur,68.0
2020-10-02,Ujjain,101.0
